	Genus_0	Genus_1	Genus_2	Genus_3	Genus_4	Genus_5	Genus_6	Genus_7	Genus_8	Genus_9	Genus_10	Genus_11	Genus_12	Genus_13	Genus_14	Genus_15	Genus_16	Genus_17	Genus_18	Genus_19	Genus_20	Genus_21	Genus_22	Genus_23	Genus_24	Genus_25	Genus_26	Genus_27	Genus_28	Genus_29	Genus_30	Genus_31	Genus_32	Genus_33	Genus_34	Genus_35	Genus_36	Genus_37	Genus_38	Genus_39	Genus_40	Genus_41	Genus_42	Genus_43
S000	27.09337909734624	254.99045137545227	1.4625935626633488	0.05428928021318423	131.13761270854215	0.0017100259492318754	457.9243308644695	2.4362045706319844	13.549826713270518	43.58097348135382	11.835732611386621	52.23645094294341	3.3286809830728328	0.07920060165124115	1945.2629667973422	13.605060021824164	201.9368000866395	0.6449436214967721	0.009460491320855613	7.900191513615602	14.690710777088748	95.58567824100844	2126.9560966593513	1243.2394967235577	128.8142237333686	0.22091418816461714	0.023579642248582063	30.654853582337108	446.5743867778163	10.38848769541073	1.0418876195273787	0.1247498462741913	316.0579708463097	2.129220994553775e-05	225.14946932879954	23.407812503934846	572.5440249199663	17.927343642954373	14.576537217513737	251.92137044665137	699.9567856068712	0.6028875425248145	296.6651771444623	313.804674670462
S001	81.11869072609748	0.0034045294926922866	0.006907148207678136	14.891122565203215	837.9300558857059	36.20922924051237	5.1645220807608805	11.348551161513141	1076.1722294231504	153.85931494068504	374.58875519184255	724.0997368686218	383.4366843403967	15.474901661827799	5.0998738724911	410.05771997917907	4.5211412037823116e-05	38.31786670734392	0.5986423184981102	1286.4777840939469	79.09737442139468	24.19463727661563	68.66993477826892	10.719983452538319	135.39007831130897	0.035777914632641884	843.9883408665985	1.126414929950106	187.5186902282967	5.86010228193681	25.128180200881303	153.96132323465102	0.23280028197890731	15.929895082259188	0.016450279076885756	75.74453573450366	205.5818288135471	1179.363914072169	19.542701337506053	1012.3637562227437	7.701815883462903	407.96492917805926	84.75262954754247	0.25786772318899226
S002	593.2577926912326	14.567938521928443	185.35921594704692	523.9844094225729	1.2331056449245372	0.26126793108589447	1.1936949178176726e-05	72.52330243111115	128.82827560590158	12.705615620309553	127.3010332406104	132.58863193213517	0.2001461826686138	6.424853317435258	548.0630636692748	269.9445212378829	85.69393870014443	2.314852784802208	7.7705736445556	944.413797124074	688.3583541594259	0.0004931586649139307	31.722970302625043	1397.3174007422601	9.105524666494752	391.83473112657776	1.4446931675941057	889.9367704330135	106.05698827043445	0.7654212203164801	481.6970666922768	160.97082886211734	17.71057152103706	295.11752624157987	442.7325095332475	57.320667856493394	275.6657767768501	164.8190155674601	537.9307130138991	20.493908813259853	41.94134016667772	8.315641179553845	0.004752803811154102	321.29998613768265
S003	0.7397240447420068	312.9422660872184	0.03688283425671948	92.33830755700387	248.16414837736968	79.19707066875375	361.9754275413723	46.11284095318063	0.0034329703848549765	470.45154939675683	36.4148777410819	1.479675158149578	97.32097198483825	179.7271575983574	1583.816913597886	100.38260934556223	39.672192745440384	22.93101509367956	0.0005203009534044959	0.025021325200378697	541.4124339919456	59.63386982482173	67.26472742816813	2.0775093140541765	33.405092296548496	27.183730144114207	72.66407977500698	0.10416994159493809	0.00398539814583733	1259.4709135499795	30.603705088293708	53.21716907333555	1281.8106087029337	1780.3580243544068	3.126159530077495	0.34165427729849207	0.27516912544077016	0.10725154345119227	407.8146535501998	0.5807579238667367	152.89912442592782	259.7214229192389	10.55299065290483	281.6381918460544
S004	27.840865688850542	20.78816783247875	580.3389243675715	295.6088502506997	0.38666353341696624	77.23789467772754	16.860101691686946	873.9590450775573	16.73121371818074	1545.0183391778974	162.73709399506842	12.591253251776873	200.36256379485795	371.3427417129826	0.2567727246741673	0.055357183698936996	49.28010117163795	22.916188364735913	1.1494898452227666	0.19599260877625707	0.12092181891502654	0.20172779881874872	28.406802890415467	422.9443472141818	28.91308714077554	341.50034498238045	43.130041683589106	0.4971098897661576	0.00024731676793401307	0.0514337391075754	0.5978406566247362	288.1703247932664	1902.7905184338858	11.549537608005576	5.101308762290449	0.00031040106398505627	0.021203345463781654	89.28172632897223	0.1267427253502876	2220.5714788046075	160.65289356455466	54.28914130362141	125.3981036153884	0.025184512688397068
S005	876.8658436944411	31.1634439351232	5.95812207196724	33.03477984274483	1437.7405303086673	129.23282583201464	8.587183710510189	526.9032675358027	868.2279653572431	83.95266976338321	679.1618806621099	0.014100852242492528	16.491562952105642	75.4731993845367	1282.7819664388362	285.38054114239156	22.78854675133586	0.029409480062473077	240.96083949612856	185.71599471387913	309.45178959799694	30.013078665375833	931.9393177084349	3.1288005418636673	86.12211679937307	0.30355682033997183	48.497601004532065	48.452812872117256	59.029892902478935	382.2923341273874	0.5272702245124014	172.1840837804984	0.5588104804786406	13.006918272463635	18.91068556909762	491.50978550360355	46.5622048085601	19.61039049846262	340.63453125320865	0.7188428900707486	40.27898858796554	31.963657080605564	40.416057062813756	93.42179902223153
S006	0.37535221564207083	2.1489067978785283	2.8135044702911753	6.922822077354087	2170.0799479598077	8.333887323234753	5.412509530635763	6.324059984813179	1.7616551387355441	10.541442135538553	206.10714595764605	0.04195222119288564	1767.8139038761235	0.18222771119885547	1096.0338361346917	7.263604074390442	74.16250337801834	408.84397541959794	155.4105375201913	0.033308635291347415	659.6220815483174	217.59734057782876	1.1874188829409826	248.7234984017374	25.594618356125498	0.004462487176952523	11.437857108329966	1.7194824199007201	356.9663264583197	988.843842781977	0.5907492832300004	343.61158608908227	123.44414972781452	30.496575536536685	473.0665825623562	64.99689573647731	381.9765797393132	0.9997912617519138	18.932193048495265	7.535561643137345	5.901229856433061	0.4524003211935766	104.31481549958605	1.3768781096691003
S007	2303.9150582986144	449.1917083513677	2.151720533943486	1181.3091333743005	120.43618979127241	338.04078994844014	18.091181856933982	81.0685577780641	0.5719455981587732	12.34691549469247	1.5330588763406503	20.613397338240134	0.07885151397659106	17.845428704076404	8.131611301360579	321.24200759556044	63.4244967155195	23.224998472118617	491.2387624569759	0.744655774654221	1328.7437467738657	0.09255680660623658	122.45687179328833	1.1010878462638434	3.734639864260682	1.8861430534590904	199.642142995028	25.51028084492463	34.38327178455897	50.01235945111097	59.52314760451719	300.26508352310066	5.980038774416177	31.94807826804615	913.2197010808037	0.6068875713451941	164.54188602291816	1.0880051036501164	157.96455088810595	807.9761009939089	1.445871399778124	7.49506687181752	0.009447156205642952	325.172563753406
S008	20.35274182026508	0.4725586110935423	0.758161614555656	371.5439112855904	5.360803267519162	244.03155714334522	215.08688669936825	7.328868343615245	2.4654215685197367	120.61212432855916	55.42189209679173	1.4032953668481836	74.99629003784513	0.0011339644502350653	1144.3492802430228	217.8915700237859	115.78600531144585	41.67307148695594	1178.3424256872856	51.081388835206596	3450.648333199688	0.703576711412302	614.0962223649185	126.13125029289586	0.045336156610398776	18.69989250498681	91.72835534323667	21.21080454712183	266.5311668628913	5.007106591814788	1.0571052645860637	71.34382890441172	933.2079755496034	118.69095813461496	0.0003847230248319877	2.3078933522395344	1.265309888650104	0.1990044095789164	73.18654115546559	0.08914371614349495	3.9957957520695913	3.7013078776957133	0.011779712561497385	327.1815392477084
S009	145.46747753537326	59.366682005769945	2.515348901596075	990.9894443987906	46.861183729415636	288.5375622858414	0.006015222474818196	411.5876135474803	0.00747481942425372	9.471652554025908	0.002587688947868425	649.580788366377	301.8084977324778	0.569912026417451	424.60487461606795	788.7712320145733	20.934966986688767	0.0006465605212009832	6.657886905557752	4.229842490862895	70.19668474753885	724.9448930681974	13.929894804753342	215.84767165333048	259.94285042381966	172.65181513366014	21.250370268413587	1044.6402415353323	1308.8980298056233	15.656237408408346	273.1216448419516	1.7552413318767661	3.5181159922317744	0.002053885273772507	1.001075562458949	16.725435167658375	299.77010333262456	6.502773969399901	1.6536490977998104	1091.7855933623564	228.56050057547336	3.7766962344424573	68.73387809175365	3.162859316938435
S010	0.13889527388852255	5.1906839950451005	8.927588732891977	187.52928325249067	84.40450836175204	143.14827960114366	0.005358076230494531	54.36054163589652	14.54860086738723	0.322435804576933	196.28951977574332	161.715214307059	5.26530976321112	290.6286386326823	7.332941680499417	18.801635495482053	740.5131371551672	1146.7317195318053	2.0302765960394753	486.16597176769795	303.6723003245289	164.76883394697575	5.501561363136039	3.6752636729393005	175.60150108707865	1.86840554532329	725.7375841428508	168.88517004932424	803.3188538968452	1045.1662707557357	445.6167289499578	12.465253927986472	0.009482308152481751	4.185603102890352	0.10881746723986087	15.381790192645822	0.06312994312233297	71.76143261704259	12.420001486289179	543.3050309090912	4.3672785953339845	475.0080433412356	493.2658823774757	969.7952396901087
S011	299.53553454066264	60.33216925297961	607.5424967784459	301.34251585727765	39.10995993094077	5.889736166768435	22.01267788812571	12.09479461670321	0.018092257992406827	28.782044673357376	4.365090794550102	37.95377467960414	1307.3216213355151	1269.2246819331965	132.5882655400525	5.249152491127155	4.515696590198737	321.17992539810604	0.05219327982715845	661.9811102679282	31.86557392677252	399.95225503912746	4.747163573483901	122.12999052154979	0.24061093913700485	8.398733227648725	691.7806104084792	553.8921776575368	170.39585802629722	0.2033748133709182	25.978058577593885	238.0589317085215	0.16065557211889922	509.9287830402369	60.63063387333855	423.6952509767277	190.9502010772303	8.55022336360449	356.6832119999372	507.5839743419443	221.07971083386386	209.8334849492745	140.6629317757912	1.506065503054006
S012	632.15786342034	450.93516254322066	19.25614186840525	1.664046497702938	470.5271049492653	3.558828295246314e-05	147.2376246785494	159.417551523883	161.26877369253668	305.8759059912316	160.0984497583929	0.3713556240256474	13.45714152348418	0.09156116926759614	21.39623523530803	0.025213006574784525	2414.710409099169	0.002239181114006861	67.69333409714012	206.98299920869889	9.797181024687719	42.90959103827424	1.764932786592545	0.17919700003843317	179.32054165725714	45.009796998532366	40.78156164782544	34.044000682657376	767.4625345671622	4.258106534059545	176.7360364235072	595.3638973032183	615.881415415064	323.03807660825015	305.8693889644039	0.8462803882625394	1011.2323597127742	374.7507357325503	0.5821043374525301	209.28389050895532	3.476424848292549	0.07808327200997958	9.255044402903094	14.909669488675933
S013	0.0003289105981768061	40.96679137276559	168.6076428850448	275.1493326268412	80.41228743897963	8.177941378736444	1.3984956298989524	186.20150502577835	22.169840472617725	0.27908377569168513	0.010887278702209615	42.52836994125712	140.05993777551774	482.4806949870746	2.3963799285028706	205.19159034614043	0.009218188549058919	0.04847691693862244	294.36506164544113	301.661033594667	25.24897256115627	0.2051320531397738	124.31250636027526	65.73610877726355	108.98927551108073	0.21835133365123707	8.761630697006595	793.7735467140197	3.1683446423170816	230.12624216462993	130.29110172535414	6.745136847379405	3142.038016541893	4.296431117365716	0.14501589365949868	10.07570505973953	771.5407096116566	348.54152279880293	26.892953115775544	763.9268786716347	59.32938258796836	83.90135008720421	1026.8263090515434	12.79447595573863
S014	856.763542547299	141.55142483388508	225.3872172010369	2.2441708544053003	513.2767798338754	6.501924587174625	46.22651373026058	22.59196360921636	1.6392138666840756	168.7858170677808	5.572472469111189	1.85694239345666	18.259058854875796	41.42331057048073	137.18999022134608	1.7597455667455537	0.011232017502946518	174.91716975110083	476.2945261417041	115.01679899342099	3.5302556874970845	8.694297572690783	83.20362525220372	0.0141996141813128	48.65533755659903	14.75832201977591	0.017063366416357056	3517.16431149261	1.4075029593561927e-05	154.1604467923863	49.57261237443298	63.08706822370872	0.9686819660370868	13.516724833113823	3.3073920481951573	182.7647807149438	570.9705733305689	201.5398548669681	1282.9060271869446	66.74140243542881	574.4772425258266	0.006002433226733247	198.54950412735852	4.124444392494543
S015	35.286589592661564	0.45242847852790946	670.1676840434294	118.87912983940534	714.7395720369212	18.985697093878738	429.5944139084106	403.9243552037283	457.7241052943576	18.516223996994885	35.98065168063637	33.72669606143013	6.540358987427791	5.644063661039003	146.3035403921133	159.67455486654083	31.25476501086257	88.56046124017476	0.003917093511019316	31.367333241132688	128.32483371604522	149.93620369768396	443.72579401285026	3.432944303978652	185.0106007234837	7.101420065019568	0.06761792789045978	24.175578040705123	71.04378548370055	11.984622817470093	416.95971608790234	16.109674921583224	259.44579535451504	41.51555454891732	2.6499834875555646	2.6641019812891282	119.08608884074327	2024.4867943321283	424.66769503655377	0.022655361064315732	1640.3130781023128	461.75750799575667	5.711407378386192	152.4800040592812
S016	822.5711086598754	38.09901246774959	565.2521533721465	731.6146854917218	253.25608937172757	206.26810333920463	446.094888580418	7.465631601646179	0.004627459702084507	231.27261747694206	9.359100831906552	215.63515427078897	363.2353240646334	72.23681157227246	358.5393058693057	1.303436929009003	418.6285869350054	16.341358270295682	0.3381958796325882	4.9728771145165895	8.66624501385084	0.16786744902055178	0.15370771637443684	9.598606937396509	1122.2232223924932	149.8236475870739	31.243529484692722	174.37718257316067	179.1250844009165	3.68045641482608	5.8002518373245175	0.5062207821091042	493.71078648779115	313.19702677520695	1806.1899151979921	57.23474193431241	156.48351601166618	138.87155634904872	0.38600557695815435	1.2805410297246311	570.1590645150724	0.019085972803683494	14.247641613797917	0.3650263878854587
S017	106.89325077477812	35.23726666218112	140.07867456895707	1034.7372472513134	4.119657598050217	0.589558030515006	30.625684126192922	637.8505418429771	375.0554618163022	0.1756337646149249	2.23342164175548	22.306877207853162	174.0062944916877	0.9094044136110699	1075.6150515266586	144.52648590577982	2.2903009299052552	35.73724961164267	27.253858081471193	0.0038949470580190953	1976.788895155592	2092.4788525478434	15.755415504140744	49.46932914983182	173.87442764005695	155.39766078106095	1.4370875640040495	355.3539859124245	0.058426569246011154	0.05715318487616622	1.1515136265995136	14.362300148943826	80.91467153903265	434.3262161652379	14.837885979674189	90.62552499061147	0.8685633052321506	53.4297758624967	27.309495045590047	474.5665270096759	41.23647127138449	0.001450517323345207	95.45224186110755	0.00031347471173842764
S018	2077.4221339475666	1428.1755575792329	0.37555716237393766	42.81196954866381	0.2583148010812915	1.065655405717678	217.4764222319163	22.753016331918925	44.424956702679026	607.0447914928412	285.2288520607233	170.77378968345664	6.214971949751496	0.011365976416761162	45.082847162800356	148.10565998049034	131.7923618174989	0.071266895779254	1.0685068554369985	63.831768532096575	0.01489436902465065	0.08904220898818616	1349.2815003701362	18.497910895550174	17.88580481295635	1.7495104243513497	148.8172572765943	7.099855828194993	0.14319131451542935	10.196021299408047	123.68876965194899	3.049305948715069	117.43311660708845	136.85079432478275	0.015228546197014426	306.0009705993461	97.9423566774389	331.7591740959867	0.6289633953259248	888.1654250238381	22.01080742789271	38.28773042217966	1085.8752344905	0.5273678706000836
S019	535.4745730809483	8.44758388825091	433.24849924400564	736.9299961981078	220.58147838297427	375.3536977058529	248.2260135328083	1.722124005061457	2586.0112681592373	0.015489939338632318	0.6381455995240067	318.6620458167947	56.5888897132912	196.37723256964895	94.69866291289418	9.649613807570693	158.4190293387124	121.57315627981025	1.22189031152618	9.386587708998717e-05	190.17935624090904	0.24776325203997882	285.17379960666824	77.12274136411472	109.11533718387452	17.444003796863708	209.952902474855	1283.373296948098	13.208110409466155	10.548290632169127	37.92126550527299	532.0154699830737	24.09083542928972	111.25786877368961	93.55634896175509	89.26964291000188	79.73514187825296	149.09909544047284	6.964692428679265	0.04276583197720135	260.56830546968746	266.29221998395815	35.602551006417485	13.37871013617443
S020	0.2871769095515948	167.0754592279687	212.0414477738891	205.09613044758544	0.7535094618120701	623.8579704504721	143.7783695486011	3.310027900767214	24.065747307032925	0.0037924675600095534	12.23529239374259	16.50459111833403	10.296439013888227	800.637712777689	3.4082310627899757	68.6813688985894	1.1256856196453728	323.4233998906517	58.58775892172148	365.12503766926307	0.06622196262403528	10.61876329356011	1086.1581013927682	12.068654187672976	64.5507514074555	0.1042013340036686	0.011352204105205321	1088.181307593292	113.2956275682337	27.283073123236562	0.0026901175210695513	2402.7290637606266	50.89743622132648	328.1696853718914	9.934766104244302	4.19721332894835	71.59445271975828	176.86025521614027	0.6672093008052141	6.446779869536943	674.3123333820653	107.01648451289218	724.4214819924612	0.11694517327575951
S021	70.04831892054571	2.3620492010355414	683.9348862037051	72.10442386054648	225.6526607161158	0.09034371030299734	510.03488545089857	0.04939670185135984	4.516832987835906	2.311695744904012	382.9481039922833	4.785239963561401	864.0263585178211	7.9735968558721195	0.0056892832297628405	72.95840309523597	120.05794813641086	0.5232510440147428	563.7887552150402	424.9803144049467	4.698996942000421	14.741155434134493	151.4619304680068	484.17922815244134	1214.8088699567654	2.0106623039111464	470.8449897678383	721.7134421365605	13.061592964892975	1.3677133861104676	3.3578151736786648	61.3011722133076	0.23982527729742692	501.2787387264417	881.6051559172113	2.1980139859220875	136.4241343146565	315.75490849740504	0.20311931498115515	3.5553884119931434	552.7170933968038	301.96062359115666	76.8213284565795	70.54094720374738
S022	96.67738915371523	26.50497728402942	326.8965062256617	0.48026227318711917	1.5122428711046858	70.92233395634175	242.40640782583603	31.30613058884124	82.5210409222784	274.88339106394875	3.0298772050355525	7.247309528398687	14.423095948202938	300.00254452785305	19.412700530936746	0.011901691018227538	244.91615627680582	864.8386135659815	491.16320901464684	11.405651991850563	267.5736918331985	0.6656080470031303	76.31310959767616	135.30248624957196	376.0312302080318	14.554559774955283	16.77401411176479	404.9026428977522	0.0015501776466943105	351.49172401155823	635.1744075097897	875.8626981727739	313.9949091224853	0.4180427605589854	0.00044753060584631124	18.568472015923806	17.753860939661276	1148.5693245569248	263.70043741170605	1037.9944202334511	0.2140282417756693	167.5051267567966	765.9672175117241	0.1042478809877701
S023	0.2848510016446533	198.72147675790862	690.4403261186728	84.32225789924014	16.456774996934833	338.02430135547326	778.3794056352942	143.62621720650733	131.84269878568588	6.2834416274591565	0.40391942227071564	69.20474838981009	1555.9064158723565	286.85684865286817	7.908004537726937	1.0807711353618012	66.57909686562695	146.5572554213876	3.9771659344297694	2.2342186884082578e-05	4.804626370457992	0.4551439967205513	400.1204290729871	81.75438510331772	1187.7587421011922	0.22198898294026087	0.5420262547932853	78.99387177197741	72.02527965978743	10.21926015079049	42.67528416706525	901.4519239681597	144.27044038103037	457.8963112541416	8.246150072833494	141.0448575426472	0.552399294592219	55.42315537399249	0.664724122863434	0.1685045206873579	1359.8040072345577	208.25073541499881	167.80315304153876	147.99660018707849
S024	1082.5067150741793	118.4408030027991	0.000349319310372662	16.3955178943804	0.8875125214285795	27.131380132599258	230.8118295349508	281.73205701259553	256.11228954204876	18.57829220107268	65.20224935353124	574.0049908950169	1255.372608243599	21.239767770821757	35.24014426842602	299.9574168886494	36.32139324407229	57.782257973016364	962.9451734775112	1.8959915698318062	223.26928729722016	26.46174767449705	48.95014119818367	261.42001952703777	33.20085857267293	98.64172620979525	0.008931512665549366	2.1334258232610708	387.94587542249735	15.346301602889925	0.7329006624786157	20.171152393788756	177.57121426360416	2377.5116305054325	39.98630877296772	124.03183872665757	133.67918094152165	400.0926013661428	62.33696025173891	10.665679785273486	0.07096687149888652	12.236540413979998	136.92320669080382	64.05276359354988
S025	101.46308135542182	228.1134216965737	224.78189046441332	92.51728952521137	7.95134537757041	1335.8346557846085	135.6400968323784	1.2473022152740731	1.0712011848694127	15.044980928764053	84.4312103847328	97.71444403560507	188.49737590937883	16.94487854812946	459.59703319022645	117.78704051785816	176.54968511800786	682.4251514011083	172.75561123765578	5.1973055771035295	822.6071335381171	781.3462476387846	0.10654469619187816	76.0101643769519	232.02334125166726	0.002058629699200914	316.4395981232076	19.787867738271565	588.3865273909853	6.135221311018795	0.00015881691033942208	300.02750244615913	404.85179880638276	439.28402544541626	273.8562611751365	775.4527707188264	0.34179872349778734	0.2201439761444118	55.11558563326461	32.92970336279688	602.4325736173726	0.17366215160678414	126.69151744020486	0.21279170649438375
S026	395.16446664453633	0.03675414216000115	37.96984958449366	6.0659674395749015	417.2575638551999	38.674771722229984	17.89758994545506	5.530416642140226	25.5702764211791	0.7260398888857134	79.61817076620967	132.29252600394244	0.12081965301068393	6.937235832574825	470.97199918009613	108.8063216533862	1.1987847361120019	10.17716537128866	11.87594727473884	305.4956409217011	9.848289067986988e-11	0.029149757199697444	7.415967867207484	16.94616119863612	26.15126257212123	540.5895716730902	382.29228872145865	48.59227978843273	30.51892783238366	0.2501568235731909	74.83224350266826	170.9610906494744	1.0672123199680923e-05	254.99341262870442	2157.2196987860216	1620.0039298928748	13.905452760009522	366.79595995845597	0.0320096269391042	1796.684988792379	48.18713561448949	4.251599957522123	28.54207660404625	338.4163166411732
S027	448.62634729753876	4.264402129246839	61.58145209644412	4.520842239283471	142.73620974487233	0.9854269931072593	276.77339983824584	173.88782439615406	754.6192114934498	26.75653124822831	0.5010187586807408	9.268866479164021	0.0005832468933996446	0.7207965383180874	70.99121153408703	90.97548264332556	0.0001576554441555836	1951.5924412096292	205.06924099411313	334.9213206689422	85.58427723947625	0.7438820509713945	327.7991944952057	0.6434989382825692	0.0010549483974940203	333.3232620471332	22.272773337052268	2.0595604064234347e-07	175.3538296137863	815.8503241677672	347.30531937930084	34.81304719719681	0.08587837706144759	7.05955716991204	289.8382813772665	0.05618902803065373	1366.1042230963446	26.249409403087412	3.2739051413145117	154.54070484384542	417.8171996357337	32.02602892422285	8.410617436841894	992.0547747406439
S028	47.56351178966074	0.9946942252874746	126.93136346006736	0.7305211341164533	70.84464386446295	58.69895008484433	0.11072490037009516	319.54966501501156	78.6723410199535	0.017587213323203617	39.805661752489115	0.027098373634370218	2436.505215254387	439.2253668787906	1227.382419815501	189.88839459567149	90.23964913390098	37.31713974934295	0.09616342572641526	292.8036554471581	1087.8949757680002	67.25421687688859	49.93540615484075	5.597149304727743	87.90844269575706	9.063587060995688e-05	861.5602472409519	129.2542727094614	13.438547755756096	51.34168490269622	0.4816635036933288	27.28976088172894	244.6670359380927	26.07925394672863	787.0081138802012	94.30703524228109	284.2118013987091	87.38512995956181	145.00688565231744	2.389180186237734	0.2903101060793976	3.83701451891374	0.009093869614707534	485.44791973718776
S029	1674.734457107066	51.584763193508515	90.4313405661464	12.084721196628559	851.1240907128199	839.0778187741735	377.95002495939076	79.72995711307539	141.62481823078434	20.610549684890245	4.291671892553178	0.11011628329238457	84.85184552249392	454.0083951687343	20.740615428810646	358.6718558031502	1.5175590306135147	104.17058419328882	0.8604413848216904	2.915543162477917e-14	15.466304651419971	287.3101183686659	5.600809568235003	306.4044084837744	46.28002768778601	19.339883077663405	471.4017237827084	29.96020503552003	442.26400675988964	327.0385992719386	141.2319093386245	0.16889330707220546	378.52797367522334	9.80532675789242	14.209215560743328	88.78284702820632	29.515553447743088	505.7850607582596	266.6249317253351	1123.4113305309236	286.7825255374945	10.924678930464124	3.5271919010440893	21.46084856713146
S030	726.7925735598437	332.0469345821445	1856.0344750776587	38.13328380791016	457.055043948371	296.06926774661713	60.79229484821684	297.73888588365287	127.40033745894327	0.049069731377088144	318.10957288530943	3.101919295694307	132.34413694269057	1.1104671767455947	2.0055667051939223	15.426777784744745	254.76073537806926	9.46008124356517	148.160248723567	1118.1795293434723	129.29737503594075	18.597820653259763	195.4526408191291	341.66574006738654	0.12471464891590038	14.67971400163424	271.2028872500721	0.06643686719648617	1782.9646565639425	253.21906168883382	4.393807497237975	13.369148858546177	58.218883589314835	0.1196157821088619	3.108215089194574	0.6722525174276206	350.8630439637244	54.14938420372138	44.149007655472154	4.878092530118233	11.932119103248004	235.180654673543	0.17437335926356454	16.74915145698022
S031	134.84319956684178	175.66122856448936	0.0006347153287652236	7.4118615771705505	233.9326546017987	15.476923680022093	133.81329093465155	1.4829822798357957	271.45596521722825	3.636329156727375	227.85121307287207	123.12420810663731	52.05845541376924	34.80724688251798	2.8596631656391844	8.683595599482938e-05	0.2675470545473445	952.09949412319	8.21016332484799	127.78060082251288	166.08354140962095	3.4390677764023043	7.166913578612566	9.560807690639406	0.07219507236371242	266.22867688586973	1551.4284661337063	398.8409079026261	1180.2791911300299	3.49761295550695	280.51677937977644	27.330791382774464	124.19965723914346	9.33292152194349	784.3705581927964	358.54578062308036	159.71106864186248	232.6188008390916	49.14639871600022	452.28409326338476	13.606355041877261	0.05052076539056928	1100.1067318327746	314.8084129281439
S032	256.1730423710209	2.30751184133728	0.1517551834581828	268.15363948046274	594.9635031002023	0.6776309131091133	21.10159970441083	114.82907890459363	33.81505878793693	653.891714543826	20.64845946931782	2235.576273830878	33.044016180064204	1864.9266199330264	0.5297256115516701	145.90394143230947	4.422442002724609	285.65871168880665	811.6909062852017	67.54417825126961	2.3498898387781084	3.405927375132075	7.772723598754172	349.7950602685916	114.7753454674271	0.26744955248977875	2.623258425613648	9.203573521575574	0.5790707447450111	117.99474385362294	9.697186254574966	45.85528780129047	6.696006733649363	208.92331540205555	56.26091742193218	135.23274763939227	104.12898542177969	890.4503591540765	128.3576144621715	27.989726702480343	46.17915764799111	5.2685266801132284	87.24053767177772	222.94277884447644
S033	230.4760549427627	443.1706573263883	466.19491887945776	17.386825442261504	47.59293603501185	507.67042403730517	53.07931088715737	28.716643405357246	756.9719595604114	0.08235488079716778	29.10818466937647	25.778458697591457	41.61161250964048	97.17095821163896	4.346618952982752	25.112724533703883	24.45395370646398	229.66599291985173	4.187822179115611	360.506114420009	288.88287635313355	315.18446500819584	357.2072109362984	0.9692938758789711	137.53769048733784	1.8329882621229143	679.820597621247	807.8374538706529	121.05087180043434	671.9652579495898	56.0227108081413	8.68830600376853	14.178939056601536	4.013748103668425	804.596099042494	2.565999392467644	201.85172881922225	402.52104433275764	342.82565451684115	198.20498853586247	1166.1437070626826	15.853016624854927	2.7054008306249693	4.255424507838448
S034	8.913383600401014	427.19000048729424	310.77024822965654	0.23039825984023563	26.837546256155676	0.007123654542229377	0.009239260376706285	6.7442505290202455	0.01504292862974802	17.325368150961342	738.9356230403937	833.3436041801855	457.37043810041774	7.276682990762135	0.09268008817675089	290.37197052946846	576.5106715003417	6.570335656362143	38.728618057204486	0.002382596027155901	353.3745824838408	15.55985169018758	5.7494314010392005	316.77983948159476	495.21916699166604	110.64429806101043	605.8293055152578	122.55987486082316	303.91023722281216	236.38429620379802	5.4939195010247435	1122.1808165030666	20.93650536454959	4.2317106419781565	399.8568108754341	54.18006542671541	204.63663698889863	1343.0509265104517	74.50038539081801	225.04850887363133	10.166627227737427	165.68100789795946	2.437462582277113	54.342124207211775
S035	389.518484491255	0.0011041870778601011	113.04445800651008	391.66324775232295	1452.2568227027107	54.00123479733789	1.1438346918329514	8.150784717141223	97.47733135354893	18.62038514360473	0.00595748386093807	0.15613851913762342	544.9269913617848	470.37781570503006	2.6014029749379213	9.12113608665596	632.0204419685831	418.2639344445684	15.401255680347168	2027.9010735892145	434.41206137681775	0.15947498677251598	0.0873186664192225	4.344736759278611	7.351074944111754	1.523492876735863	1907.4802686047724	8.284537630077148	14.06221906393289	4.546200373056252	6.304018483005925	3.2640449534256204	0.9843663487789943	476.54558348175044	0.145165839008224	10.920288120470092	312.79253201165966	96.09597793791909	0.9222915038480759	7.824721506681483	0.14246689592882147	11.41468100442542	0.041870731339549556	43.69677024232098
S036	161.27705532531724	465.0382985916495	21.527779067012425	691.5083302302938	1023.3279679248966	4.417320303735808	383.7062320004148	90.67904462631836	34.44425660957203	51.100845184215835	73.67076685196888	1.0273843989653249	155.21743111264104	94.77305399772617	7.617450094107436	37.98613038515159	1.5025589888674438	3.713877998124416	6.4570675732334255	626.6763624025665	1514.7715932001988	38.800179341148656	36.38327808801665	145.4675223282438	519.2562464119642	6.40777114385479	10.038981401343783	2.479616299305389e-08	509.01788319327443	76.04113121957202	0.3838147451152213	1404.5790340511385	16.81675731271324	8.576092612365157	81.5657089413836	93.25947384004874	183.44492773710385	445.5738105399997	634.4261876671861	0.009045155415552418	28.215570375613122	202.7817448181692	108.46608902209852	0.04794316246085544
S037	80.94614160663635	395.45514030742174	0.00268387394525905	4.890485217842169	112.47165221416525	1.7175231094872963	309.05669161374146	261.28794640913844	160.96813290896392	893.9172844992087	0.0690826733142477	363.49109570310844	264.95533452175033	16.996217947468356	1472.2744722502034	941.3343252073554	114.42106975614513	12.881792660922555	1147.127534186673	217.93914324718787	8.632340898066769	0.00013949136277826305	185.0373682224712	16.171384429846025	39.020236385833854	16.719201188189064	970.0410005044555	21.931057901183035	0.055050809183856235	1.3890093042211793	1.068543482311651	40.18255376053155	5.549556120215662	149.03045714448285	235.57211619180896	678.4088950446192	3.648686647288783e-05	150.24217037097947	28.36741130194544	622.8441499213358	12.391975782389743	7.653851188738216	2.1133144082227173	35.37442974605705
S038	0.6882521073695704	98.47951544956285	76.57453001776807	144.3702567793337	1.9717228801546338	108.21229927221363	23.09269094086244	201.3716938338132	480.271895673798	199.7144904284007	38.0406992852708	0.00022630209236092078	129.4253433288056	0.6658930246034646	4.799583638843921	143.3759542813201	0.008821607632842466	2.315377680524853	14.055450672561037	473.3190445892834	9.047635223702649	49.07203006962368	0.03817471424995331	237.41145753960933	5.73883027335357	8.28032693533413	26.68583670002216	479.3792534124716	24.664289985002107	435.8171573463392	4.392279440475067	63.860033745547796	549.8339541155526	32.47191546715174	488.6776611332392	60.47249268375865	1282.1439648064675	1302.2156898229387	68.01202525521568	1.8471841813903125	2501.1836750194775	44.11216171336185	158.31078287604845	25.57744574545142
S039	33.884314059926275	398.31437892783885	26.24469019451537	0.39282989283054714	36.7570396223618	31.70853326123425	1.454922735734943	0.017898150657978083	1.8380354143796043	99.50808780988862	70.54720847748972	678.3520306342909	913.8166996419858	149.83919659230514	277.33991271127866	191.04445592079443	248.7671647265205	1.1580602834184803	89.88275430628644	42.41371957976613	900.2748957672316	486.26888660089276	76.15789865224168	109.35982151580558	0.014401813533437868	3.36837910061332e-05	244.86240517152058	185.14492318770672	1352.66483940841	329.21472806758055	129.9857624022684	1199.672617715728	144.307688892953	13.689381884346833	37.96300669973421	1.9394755290683727	284.7021831374112	0.18254299675409869	0.327430889276802	176.66360748339287	1.655887646193563	0.002678369301085422	5.328243768718203	1026.3347257726343
S040	0.03580872142899456	117.24405764634915	0.0053709246011333775	0.0002417857581585855	14.475333658927996	127.3412088001009	10.12072988260534	9.668693215859214	28.305760952040487	0.03569244827234905	477.3845099226361	5.1175449332493494	432.0276361731742	0.29562814007245636	19.96307517263448	0.1900630873888463	70.41022855607913	19.36735488409803	89.86727756861399	115.91882631073787	1.3158921622053994	25.013124607252024	0.010142305633556656	169.89344615047804	722.8175369799882	13.084738078613368	38.61185406927737	198.71708515569938	199.4157035062774	34.312372871882566	274.2047139802456	197.6227257229723	0.17320455663410073	1.5315401429338908	2720.5699132520326	186.23352497802105	611.4529430472252	59.24850420161306	38.576350011849065	18.583992510540476	543.0950831731087	1210.5163950173624	449.16471036044845	748.0594603730798
S041	15.253287837195913	383.55339836013974	735.9897275002655	0.9034979780219421	241.9508464543258	21.142735731478563	159.1295906304311	252.51349192591962	53.73719285722164	390.4420171647284	188.61294445459745	5.685841682443608	1.0291713407183773	651.0897511623145	325.06534813227654	77.30943896870086	22.84947593584787	0.0005526065876945564	9.936990664559506	194.7596145771609	121.57910604282556	15.578063217257373	908.1508023433698	133.63824596554983	0.12386494620475569	165.16188217655912	1189.1685728055422	1.3883752658248145	15.13017948379002	271.88053697499134	447.1194797630598	248.9557354986579	11.754243990243495	227.87940706326071	316.31445971717386	231.59770400924606	25.412722796998725	0.34572966039799813	1204.2811957584765	0.46854671226205064	316.57196842749505	291.24939115675954	9.420196944763768	115.87467331435683
S042	2442.2690499818555	142.51582818340663	199.48441328113978	9.080951460995824	22.367514357891142	3.271085448322153	70.34581043347421	916.6513613404388	173.97093188454593	25.342850531986212	50.76638129588069	294.20190471328095	1.2708062307684473	1.1220306016645745	310.65836618005585	419.6536808104582	104.40917835409668	212.9757453876982	0.005266043001919986	69.78251678477113	762.7077822172434	1.043143444667098	0.6323639078835723	176.82267558223515	0.2959103155412848	0.5837651640117754	138.63447024131796	235.06091507351366	0.026214171388190682	304.56046552146324	20.71965909483302	1137.2341915668198	174.3850402673541	36.52268220243668	82.69408859750354	323.2598068179713	34.49415195637234	0.0026615805433221214	0.07450606019807204	323.83069559848815	284.920903794812	425.96158945833184	54.90315913339698	10.483484925935805
S043	228.72569763235754	53.409260239888035	37.31600466069678	3.1692390448154972	43.275986137566825	1.0172434345874966	72.91415164254181	342.28936177127576	774.9815367835472	323.75665356165143	2.5350605251233578	252.02866749939164	65.37431472671682	1.4036695520341111	3.217631321301088	7.400185050442429	189.38690899696914	1176.049725152286	39.62838865741724	205.24171464068272	62.62092716623124	2.1173434779495603	83.96956887899519	0.3099701952613102	550.881574767193	853.2557211355828	116.01086292106906	854.4851260969376	18.991279648941337	1.3143086059146025	67.54923766941278	223.68112172031485	364.49981844723203	755.3913337305146	0.0041274479046644824	0.38649502648812323	19.74768839634595	88.63944248583213	54.89002192613557	248.7691849889404	55.984720726521694	809.5123867715847	233.26631454732953	710.600022190074
S044	882.5577858669881	682.1800210065047	76.27154678100644	185.99316674225958	9.328583763913052	223.28608699483496	0.11904440545990408	606.9667123326526	10.244803879671021	0.3192126569755779	3.4335801921114633	7.000749399264556	0.07156370811220981	154.38579828502057	58.66528575398844	2.324624730295947	0.1361885459046267	226.24005237615376	1301.538026887382	0.6252715321408954	5.223225229886045	2751.6622856686986	25.070690766142967	3.912034453287793	1.3434495241521982	13.409745593617407	58.33661572126094	0.2768736063301499	379.9464396863405	74.23298173911121	37.75338170123999	0.6341729408199439	261.51307713605735	30.754412070338283	11.854913048256444	4.659087162631659	393.54744041549344	120.53711687035262	0.23139039489998223	43.501540316795065	1261.5959601310835	9.929726856343903	73.56291012828441	4.822422997933056
S045	24.25189105803708	51.954668797808736	600.0425232762908	769.2179824284306	50.24605221095619	45.16857444081222	253.17024407436304	1.1246942459921325	1883.0632660839333	1106.8953424373508	5.017571125301428	245.46144731430147	51.28909728711695	164.75645632490057	2.145949137792942	130.3388689998924	5.162880647737845	0.004392436443248552	432.79341214713065	10.660838570580804	141.58927247563162	338.9433458843179	85.77263133535631	10.684067656512454	169.91623917221713	90.58562970558765	156.62066885792538	2.7753699018218976	0.322298249880608	128.0452294540002	106.80591526733275	4.115740614630181	741.027227884418	945.0576188654858	517.9981004813777	366.162935489921	145.56387762746616	11.735647432861027	8.835694027461262	131.64808662919484	54.67871220123347	0.22043369056445705	2.640874547644636	5.488229501985628
S046	23.91303073694986	0.00032364587567224577	132.3699572296934	0.9855317934140382	37.59752942656253	128.5505859595246	792.3175700912585	169.88405358076906	463.6948918471539	3.829858902133212	5.401553785030018	0.6889910979918465	50.20013871682078	4.2890845844346925	208.86214536692194	26.040982206308136	1805.4209792930312	821.7341184984878	236.05755796681012	148.0025967838847	22.593781222207713	134.24758729528776	79.98616572139076	51.68688672048274	29.7607095476099	193.01537654663363	24.92578402240425	2.312761268616178	611.7319077868184	199.29314797676224	356.3794406528471	1145.3292249873937	13.771964826849114	45.702606598038955	4.882281752660382	277.4831419260044	9.394917360484465	386.90874120375787	0.8420833201047868	952.3641138980174	12.767078535967972	117.70502447926152	0.4305324711692193	266.6432583661739
S047	1.1885408848433323	21.843267206847376	351.7468024719839	1694.5079872270328	687.5461233349803	277.7032639979944	243.38095294960604	771.4378989473826	0.051792552245616345	74.68036947805916	36.442505127437286	585.6646133328342	3.4605906946285074	95.02478358551001	67.31767853474584	558.7504920069897	0.492341310942624	235.44080198176263	30.366796037184308	44.756702688203006	0.033818225932581436	245.10817513662772	11.40214726701991	1604.2839945988908	400.54932247879657	1.245866922432104	117.16366936375341	32.116934759311285	25.411226900614732	57.96156900525612	91.60279639053515	1.2197434010656443	8.758337953570281	226.36522753930518	47.50948353722702	423.1270862806332	525.3060044718005	48.984005771004405	9.56240496928743	96.120575529301	158.63094526804304	55.6265464360935	25.639701622891327	4.466111819393589
S048	1359.6471902685375	0.9103694753903779	362.06485395831885	63.718427233216595	113.82671386675935	40.147849224078776	0.015679664265933927	8.198449122394386	4.160343691704911	46.53957756120767	29.362029176506354	286.091226393058	835.4262220438695	0.00022109615306354933	79.87306733348706	93.63105668412922	424.01859959167234	134.24684319417509	810.7027149946637	332.01140138126925	6.879462747864609e-05	8.438786803354962	28.254431821877226	1.9043931635312443e-08	9.231727192705408	0.13695081350377486	149.04250116417387	57.4633309894309	938.4019766905973	100.06083463939032	0.6111499716703215	0.09054619180583201	18.70437436872108	2.567891642976192	0.9653002979913917	1.0011696384827948	1281.2251157307628	628.0982163869254	0.2130839293806166	9.992242686766945	2.811219092085353	0.000578944579434307	459.9005689092851	1278.1950973250048
S049	906.5087404855879	13.857937329811861	35.56667394414388	121.10768621588738	18.578493733625756	466.9620623436573	35.664001953147334	0.019787515987613268	2056.00958693032	28.369498137279297	2.9737837994132117	412.6454208130787	194.446587800703	1.50573864295095	1215.9157884085134	192.1477752555026	0.12396622904132788	19.264651608529743	29.35575689125889	164.0539142293627	37.1858299841942	4.064052819107491	16.580906773296544	168.19584564587302	31.193657935245568	4.59643199989111	479.8668064529566	0.5832723053620236	25.924786298098553	0.004394186798918165	19.759957362821943	176.61193109928624	38.726983094245405	1.5453597237336396	0.29737179104551337	3.699774408689786e-05	0.855640988716288	1340.5850473691244	343.86342763163174	877.1206678067122	113.85473327430392	2.3194809201557542	22.31328575798891	378.87223951386204
S050	1133.445680029647	96.70847392199929	0.024152066590101134	41.956497907645215	204.09058953088973	30.780621175868657	1346.052512764724	49.622931652578366	653.2906335107201	225.00823389787885	15.04148907060801	385.93719630393065	269.7140827983817	111.33332685699824	288.64422502895087	24.361015837953254	25.79194866804375	37.70029419874975	17.377971410091916	1.9928889799198117	71.50648454492207	8.885434538522473	47.47566325908995	1517.9439041001608	1238.0564472700705	45.06030030540458	62.87963314584767	5.455537214950629	0.5044425157165188	4.43458118422964e-08	137.05650086792187	73.69803655872275	188.2082795786039	191.2162018153641	15.011014153190121	0.07061407595464209	0.4511217724767499	308.6644932535732	24.070801123308744	403.6679880814472	453.96652993909987	244.10204683110382	1.8335655143468035	1.3401938836877958
S051	88.43208292213498	3.130418218693391	0.017561309276029443	102.59426084695886	183.97204556323814	1520.9352657218103	1089.9343082536993	7.851523540030223	13.229919120096467	105.47651273899186	1.7936669003435257	142.08973929695975	247.48958837978387	296.66586319434106	2.899591497411117	146.892089072593	65.7421697568265	18.43153567466806	3.1875469439974475	2.596944480234925	44.69526126328693	45.19953853820708	101.63607993031634	1128.219265336802	71.5441453793187	59.26037539371799	98.421263584798	139.79452138333966	62.970778316653195	0.1257039404908567	470.4013514557156	3.0499689564772203	0.011409163489598717	459.76198809653494	0.02326623597920768	492.55010834149044	49.2301081628165	109.57409595778509	15.181219191451813	25.075388012403362	303.8987085276292	2135.2846113264654	129.88849856128462	10.839711511459555
S052	59.39801624749207	332.90054002433544	17.917311276736935	0.05555828715193494	1024.5408574809842	108.82361995096201	23.110611598952925	117.5636166269352	0.3734550750467367	229.0762240425838	134.08676394930345	40.573271336793425	192.80149982235977	16.397113229786285	982.5101048303761	221.65487924626754	2.8934350748249	67.82850312953126	19.490215014276988	1.3978703712217135	4.427555229614745	4.04698472345176	47.280993357083055	0.0020878415895860423	55.23554410415004	784.513740381956	103.57455593010944	34.75411367155927	0.9970717877233789	321.75480735284935	221.89404171978398	1392.3177802242556	20.711639107340034	346.87672199483944	4.131606891512124	34.5307864178702	15.496998407926368	187.0125775184189	428.69734362107357	687.2419033113722	1600.376360740763	19.500226298825954	36.51093174431409	54.72016100569427
S053	8.032175832152028	19.93787160187314	2.8894758048545786	52.04997463999952	183.06553452109006	2.0573589362381455	282.9999262190141	337.9722756686837	323.13452294707207	0.02109044937158004	110.95246483965228	365.5246292910551	565.9411552327705	81.09263465902539	46.24847063480547	882.5405145411283	0.14698508696686574	59.883299706918784	5.5166776460045295	18.00166023526926	848.510352219964	4.5608283669721414	19.482874721679142	90.14512856341109	2.7856170543620133	1930.0218213311834	3.579182561278657	83.16221846849199	0.4580949243622761	16.20119616375156	0.02290172074226502	87.68064202084076	460.5699570727777	67.71835116244564	93.6036689836153	1082.196075459585	29.05950401996843	1628.083576615503	116.20499272316697	15.60902281264126	1.6808193601995933	16.34059078105496	54.24417833775845	0.0697060603014726
S054	0.17384333991275067	45.791286409525334	7.832211036914322	0.20664643019703696	1967.5220003403292	18.49279627271438	393.59290041087667	0.24323338480485715	1744.8202397276016	0.0004912817239945239	49.49634252332934	254.26128612312218	11.123167949797137	87.23320023200546	1.898400045295939	526.7046199347678	131.53037480051938	93.0698178753049	77.7211954935731	137.50734736068006	313.1252337112123	29.315229033049697	43.15308548547947	63.19963846344446	113.07044811835294	391.85045334420613	4.867944789555227	167.22215810809342	47.89198689090524	109.64896447695749	0.9971874120760302	589.8328878372129	235.66318021522676	0.2533541927933105	31.924713103606884	6.436515557215505	21.030981139289008	1970.288903281249	16.058909767000003	203.63622181446533	0.031143968198654844	22.14288542937912	66.22813321448191	2.908439673555418
S055	63.047689848547826	261.3126523173774	167.45744697248833	5.249751503061311	0.00819308849140691	70.7345777791605	1.1499732007032755	0.1503718189137868	27.79257332757375	124.03103497611401	15.1137407324393	5.466222432330415	33.14032833671535	3342.1554295263336	488.32084919214884	0.12075200658468695	11.481368695301772	427.9847278074806	655.7533621130464	269.0006541038393	0.0834820729842994	0.00019093625772799701	23.17704301371899	401.29961508423287	524.3946806179754	63.813457727231544	276.4911843451923	6.522006178974489	180.47408446359094	1.9342347800347652	142.75217283657722	78.22146758230141	152.2120640507544	143.62182516277105	7.295322461167937	18.983419838281282	95.76800849197106	10.281899902858404	1.1358823476346713	779.4520485816346	0.5329347258314776	512.4410536734003	0.6739899265819284	608.9662314193905
S056	179.86725311444582	48.04083167033244	102.1070487928998	225.35743290594587	1.8352743271101346	1.248231412602704	91.74089753368143	0.4439214908760558	640.74252527693	0.5277730071836093	8.363826636224966	8.645226513654297	1406.941617970667	501.6417442558149	0.5294355714297659	10.428627976327249	21.32803837535199	9.039601546204493	230.88421688934258	506.5355441351663	459.2684272463128	183.39707410166056	956.9904062692214	0.016784700458994082	473.29378880337197	45.11632642159559	1159.0797105786303	15.80647679643304	0.08973395888719675	25.576844050041295	24.463381425205853	194.96888777999825	9.575332835228343	0.7571892451080592	0.01657436281726942	649.5421740163541	53.39992367946886	0.14938970915993202	457.5278784219935	43.17566006726874	690.520698162378	105.35162508794183	0.38037326639916336	455.2862696118742
S057	0.035646347513099204	53.70414777626006	341.1509805894123	3.123036730389633	2.9943060327495	143.12315843581212	0.0011702020888095985	131.28548117087027	20.212400347557573	150.17951623652755	0.0047316122546128036	176.21914362572585	315.1875934995164	4.335204976710394	0.8461522302223516	228.30910930746504	2153.268272372357	2.986332489802655	473.410108207101	169.39901284328263	260.25999986134144	0.057248088192953135	613.5784365578761	190.49915911246507	136.72815721081128	6.774340905704707	1079.8211696338565	1.3240398278850976	83.81229997606955	1.3981017134983182	6.537079878882699	236.55239450018053	337.8315678201101	57.86956886879898	14.348000080430037	125.14193377786074	1085.1975460652636	890.7570171570547	206.9517729565339	2.23403297260853	60.011756630682825	229.0124872061013	3.219602601160955	0.30678156301244197
S058	0.41005563185350985	383.91394633714964	0.8516790643478995	3.386873862679814	1.9407784272113444	451.4982050928366	186.0022247677565	206.91668384165027	161.6059864500389	0.015276408371691575	768.2822961249708	485.6682776790593	1.8182571269512442	204.0473651631722	6.853510841349269	0.4418155155481679	927.0570300779178	163.24071946196227	48.34718854638185	317.06602658037207	1342.5387202875627	667.0990206201628	7.757205770038037	9.418942351707335	165.44558705215405	8.207343056636592	0.005132900584211954	456.0624858138633	182.67688624181295	0.0009425099842973628	9.611584940941272	9.091863997357486	2055.7205113714554	76.7542745481783	0.9757146508745951	13.630717492735158	9.861889895303825	29.72225684810128	21.278560734968146	162.42100212092637	1.9287822548319697	449.66501367087074	0.10764182040810373	0.6537220469581315
S059	1076.6082728397273	491.43805934222814	226.45524652858415	2.097097412288407	24.02214030939813	409.8276467279738	362.6960120906739	694.338068576911	133.12991988558	38.773834679437066	0.2652861856924027	620.9187723440933	4.022572405875175	15.995430079919668	1.6712171840280754	523.215961658623	35.58493367436326	1.1135742570154248	0.0015425143812270838	51.846207527127625	5.7964462270673085e-05	237.20177662918684	254.62979306599198	402.2676287953623	3.975621437486458	151.36500236349784	38.232996226247394	588.9556282418274	49.123883809129694	3.5810399069365277	23.40808641813993	61.865319080804746	106.9297969365636	372.55676730034537	237.94228046754554	67.254245235418	55.159142117323	915.9263400314695	1506.9907365804097	154.20650044383734	0.7816046980243501	0.32186621986358543	48.682629207681124	4.619460598525841
S060	55.47114857032927	357.46057213637323	17.086906720330997	0.7008259342642762	3.3328058275487966	10.336321848705685	506.1135503983981	220.2256676644546	0.23246805400347775	10.739374388778439	48.12950673399376	9.457474986837749	57.683361358909345	0.002286198826387515	309.048198110598	1.8549182723090127	546.5029625162248	0.03581061737768263	22.247044944210145	486.32302548544266	52.79826536280969	55.530549677837826	99.29185832725202	1329.4904722044105	1861.5108616731582	550.4839645433502	598.4690250923941	17.84604208101075	0.05093012560752292	141.01857570399773	1.7095300726496088	168.2848254239098	287.913591177305	0.0006193284285670559	83.61413436921966	0.1750590592071389	113.15065897590277	100.26190414263931	962.3652960941041	2.340671595243889	235.30737317901185	593.2254888809651	80.85316749146835	1.3229046501990793
S061	52.511807706834034	729.7168489016939	0.3226626565504749	845.4630747801737	198.76424384730598	467.5866315055561	216.36375560920064	312.8576603609309	0.9850898984711522	56.622182555571804	293.3848230666371	0.5386364749522122	547.3358145342721	104.29008197928206	120.06971939047746	687.9356222036374	78.68623638067325	680.8875778705906	46.69546124408661	90.37806258853176	8.072920109778229	87.0862009354895	0.5562198914605695	1934.4449386699223	2.559416730548355	18.79025860030199	22.26983104265285	132.46471938241535	65.82583770219196	37.342193031581814	8.666792997793008	396.0986865098457	52.910229281968874	26.05649442008436	4.8837942397442875	0.051382856701272114	4.36559644547972	29.76516548667164	21.382024177873213	0.9808320022409833	4.204990534347625	1358.2278789470836	12.196135052394483	239.40146739599746
S062	20.35628330869613	0.08945945752452576	1.6142615853545185e-05	896.5804157429457	180.05704123049497	3.1386430804158674	65.283378244567	0.002615331765993799	87.49702276228652	379.3147864750108	133.8865308049601	1.0336889137818832	800.173533532205	183.05869039247526	355.43978732439604	276.57314248320233	0.08007687008872429	6.403854731292136	643.203549699619	2.2046962516660877	3.3889086101144317	16.52535456227636	17.81740548487036	85.32023201312064	0.11385240209701007	0.09414056268094918	0.10451742230152958	182.67549041041315	248.71202284984454	7.660171589510704	299.0067153550301	1.3080204286294517	0.005064062878285615	823.2207799242929	2.181576064329163	512.0268232765734	798.2594117988706	15.332370281049151	9.266023381800732	526.5247484590424	2314.9931336475433	0.5647019014574861	18.741733151397558	81.77958957986574
S063	60.550041548195814	29.697011785729106	276.92039621484247	1.2074747814989009	23.410179603999982	321.51350415416704	2.4798379082001403	0.34996634505848806	0.5530097200915554	289.534450206352	100.81144133917306	87.2898855089278	24.5472293895587	144.24594755611884	514.8421581610417	847.3121606580693	82.16185507374675	253.70332193056248	1.5954463432907835	48.24716317892677	29.539192299407905	126.66870461380684	410.6024466017436	0.5396063651041094	1.2934896407495606	429.0019620477845	11.680503196082483	18.876748655699853	0.07121864323100538	108.13574898023833	6.6259754718316675	432.50824275139655	385.11348913385063	261.0506440271009	3.304804983726887	518.557971029126	1734.555559043344	0.9505034799796334	1307.0575500100065	520.1164033543321	18.909065638790427	214.4729291092274	293.2976612767416	56.097098239146625
S064	29.850530125953433	28.27421483336956	86.39793644984121	24.819879662751696	194.32019000848314	10.257153330986279	251.29117078306558	147.990561448461	97.7258730048285	0.17248827214662774	1515.2044320787534	0.01306240925806062	93.23097196059206	6.598732548525749	1.93389410657337	55.56443206384356	6.999473856125853	175.88888254537932	40.081367944348045	9.789701380204262	131.26432820634577	5.6998533834386945e-05	0.013018911982783783	1009.0788893605618	94.65814675367642	1385.1150266845711	0.08081602998852175	6.341800331610771	53.48308412196702	23.69523450572209	74.81585054581339	187.9107030541762	1210.8975183046969	4.008021809655037	275.0879684147198	2101.785677533081	134.42863247970692	0.004811901109317927	55.12447393058892	104.7617987819119	10.536244870665616	0.22420481061892025	288.16590666868655	72.11283617611795
S065	36.39492021416378	157.82592070761444	2.77231534572259	0.046662995668596316	13.757087341290223	60.07574852837679	0.022134891397968683	425.6170260752371	2.5794873664463656	23.32530410881879	233.346498899384	0.042812067245379476	35.16180742406382	1094.666686192602	6.964373849584262	189.02382287372487	520.9907552693122	250.41825973819982	0.5628138481150623	7.014195457023908	99.22296190450474	1632.7557025018946	0.05742556942175806	380.09981882977576	33.645885182304816	658.4287502225859	110.86859764918103	0.01337828217143733	6.703212448754924	1115.9711303565457	902.3782937473876	138.52399440646363	131.33860437915047	182.167289727438	62.0706991416961	66.60126727762452	97.68490997290104	2.3977999857696792	1147.1320851008006	32.11476323205166	104.03398347085786	28.820938816366503	3.6922138303931784	2.6676607699656336
S066	0.2718535359325843	446.9722614339752	761.5014304738143	0.054472194710932176	712.7699134996371	106.6195604988999	711.8429225690616	7.1089380478032105	504.7113603637027	0.1220320905792761	0.004530053376207729	35.42885789484197	142.42287658159754	0.18410473459353935	266.4993434877959	76.31386696203303	3.9020853759240395	146.32547180533237	1.6063853838791418	26.294714440134037	421.8717045641578	35.72695265023794	408.2472451776587	8.74738631495062	3.587951713020144	2.0255841830991943	305.067778120585	42.71871235844836	0.21054303626023382	0.20495620347279442	1382.0161887052388	37.11253602767634	947.2918721271814	266.2853744824162	4.08171023387316	73.05472088793813	41.82500832522895	395.54854646342585	0.8073755809631696	1393.4202785433758	125.11837371857754	35.643099519010946	117.3251518465547	1.1039677890228883
S067	1382.2587579563242	697.4866820660822	7.915514803038604	0.40853886144221985	3.8527984998072355	83.08961230534455	0.5815978592650771	74.26067119015573	482.7220785666651	451.475553576563	116.9450138024884	43.097808184501496	213.3728664954278	186.46064729500284	977.1793513915768	0.22714533197883466	335.26449530932587	79.23320362593016	10.234328352020752	900.2954060751189	235.43783622846783	0.2584299307962902	18.67972218771948	7.051803658188782	8.281102779612368	1.0446014992062387	128.85670244507878	24.247107803557736	858.0331174284743	20.982898321021985	1.5512864805708204	23.993549290136723	7.760690985190135	0.9626302969635318	181.0803835430989	116.54227651279851	202.53638748688942	669.521095763696	30.838997494766744	405.49773953759325	225.65513613454655	121.210303697818	209.22966919756556	454.38445974818444
S068	103.86909376955606	26.451799521455897	50.22956725735612	1028.1913393346647	169.37597599536466	0.2969172652376554	213.49345318060628	513.0188200759696	0.21411373078374885	5.060599421347874	416.05245945918057	17.952886287439874	1678.7467875282932	50.33416182126777	1075.7572414410042	1.5244243275416125	5.621367331338573	1.8672719349643907	103.2486846040549	57.001653346053395	10.522725725166074	12.731187050497649	2.2042865854130792e-07	443.2334204595953	9.698485024388093	1.6238040781681178	334.2348625709899	623.9875923798156	0.466348071977371	40.254977623146985	245.36114539728908	21.280559266396267	68.04097816777606	236.09443231529585	1154.6762245642287	488.88790588294194	411.377449234146	31.27352773318596	53.220964746766775	0.291902372347252	0.0481492956221469	4.277713277092309	41.33246386689671	248.77456304236173
S069	13.931768029533407	0.00026665329988706006	45.88168843867644	4.363573033204422	420.69764790409664	47.52991709109315	1858.3030209573162	3.231513033296704	2.4143682270843376	146.6072668287487	844.5815504127848	57.857365317679594	620.322647458889	19.065916755260716	1.1868119021200567	693.1050008668944	0.47563880280509635	655.0223138173158	29.114069763775344	3.843084737634671	648.0313166958787	0.0010606351249247343	114.6139939305574	656.0002282208824	0.08356649146817634	66.09257197781616	23.998433684902963	86.97758164891846	109.84392373284354	409.4004906422728	2.239347194915061	234.20250340659962	232.22238663204448	12.328478637957668	990.4564245655267	2.8301240033074135	0.956378986460701	40.78422630251286	828.2686166423643	50.72783879493098	12.121880300056826	4.012729626591831	0.009783925657457452	6.260683288900244
S070	4.4049310878683965	426.8978433632673	31.327027758991996	2.75133550258809	9.608296028553372	23.026185618273765	115.4598846970277	3.2210373778867405	28.174197556702484	175.80311419987993	13.134327536868986	34.185054305516104	1141.541403569858	12.688476568227008	57.01343581084762	326.0014004890366	87.5472569418438	0.7629621004390114	546.8568542981891	231.33147748682754	341.9107749026921	75.05721679413365	179.6694162270709	70.78432479737545	1260.7757132650047	10.315254764058611	400.12872411002354	146.17459244652682	2.6772865489340516	0.051158834030480896	77.79777459209161	226.40448668227242	2.4679055193858455	949.996406329889	400.07185853050413	34.81211833843832	1.2258854703427988	1128.8404029233513	5.001398006322731	876.2355316378248	151.0758181413893	16.87948181593049	0.011519870328809216	369.8984471533821
S071	20.057799079160418	5.766660601949921	6.53623791597485	9.438584676701492	67.33780767054662	5.775060523078833	21.17770332569818	90.3148930062958	1587.8174617129084	122.75854056015758	0.014524419100439494	27.032151080615318	170.8131825817747	110.96299369888811	44.63130739584	7.883279735436391	83.40259595668239	311.6537508862146	1045.6898566966574	3.3617683705779817	597.209711955404	1009.3350490751308	61.38285761458725	348.3814037236726	724.3922693188152	1211.0564328870623	179.84432174588557	0.7535865920853998	0.008648865170896018	1.3153346245391695	22.938525559854767	67.08366736571118	103.68382326827921	93.64734034365043	17.331933816635612	40.44964385990295	160.19428162589924	13.280838738874241	0.22310606277083103	21.240840548286286	5.40736653776386	0.00010631530057883704	1570.8515974404672	7.561152219994068
S072	0.00435788692213291	594.6724589307744	214.8417550322952	32.20334391537104	70.9341756761518	187.83433142895024	758.7796035844611	78.96942165246	32.72806860090257	0.09233781395282012	15.007287502940855	9.472742854288377	57.85331373073301	526.8361493141607	286.2356964206911	1025.4023628337125	255.24102523672886	42.36754061291992	1623.6422666553315	8.165270342610457	71.48710602328899	13.510010658505532	225.37629793368325	136.42587275040174	498.3594499311137	7.393640969534895	56.50535447148813	25.033798031346404	0.2663308587699882	3.547532998005071	5.019029937748592	295.1853848497365	4.6342225421064605	111.6909450411521	64.22687796157557	92.44865855416931	65.51420739389047	359.35230740768384	0.7311561171157993	1010.2155254386556	23.034616642491326	71.52191535631793	1030.7106810993748	6.525567005486168
S073	31.62986093087055	56.628463361013054	9.513090787793328	1.3111958545979456	115.93685119723472	1312.3173030194869	1481.0414125909538	0.896639344538882	814.02500422769	601.713332559157	1512.2327046635821	0.00013142883709799314	0.02713404038369366	20.93661495283192	151.6178604522901	195.6401118377646	454.4094731362155	0.6554185611284987	11.725956387820741	202.26419254227406	1.8277090179753483	575.3366107381139	9.286583861656789	17.47061720561762	0.036869330934857336	260.2919990875578	8.278128017905756	3.133025551301878	69.32086051590673	17.479592187443316	46.519331586954564	14.219811962023796	316.87428708363217	1.1161538518724419	4.115896178607129	102.28702669045688	1536.051368787883	0.43813437510827646	1.7471077483931416	1.6688944367617244	26.686963775876883	0.8404671515758029	10.43202384823438	0.01778513174092569
S074	414.96868812036894	1804.1603263011182	12.104268140402391	0.07658282377904987	0.013318832703471043	42.717282849445105	6.024253364183948	56.84347804168639	0.08292813914208719	3.8192913520985643	2.5083552118722428	3.8597280562707903	1166.156503678718	19.946485393635736	0.029308921153251778	157.00086299418243	1198.3286484760306	191.00037180428933	69.60641001572412	46.77377654410792	203.05165364564908	15.928945933628958	62.50591240403492	1.7045506575898803	3076.6687713209158	2.878199105759277	200.96225782865864	83.12608217268424	55.975601594339665	61.23560627828973	2.505657742540662	173.5357152616382	0.2947653488531964	0.565286030131502	76.50272128283748	39.05306078885896	185.1670832441003	0.25035085880258773	9.984318158321452	357.51544091421624	9.07961815449402	1.512231110845605	183.90176779816602	0.07353330373188927
S075	204.5491585071687	45.071765768615414	345.02870383944395	3.9915743415295952	75.32930389203415	13.658330841500806	117.94547209452404	25.021324367219712	0.367506489510327	5.768049878202915	57.11165699515937	105.41521965165859	0.6223864413439901	335.0377507610174	20.298679373538576	5.4994734590366905	0.004576143483923355	7.3120696381579195	18.77488916649994	1.6254762685920543	35.91396894879425	187.24068418453965	164.72897388023267	16.275925582755313	1122.6003169093576	249.7811804344974	9.128224994301934	113.31102849294804	1667.408418422611	49.264413807072856	865.3381818855069	258.6656108477417	1117.7119425528194	61.04257929862301	1124.5994777047324	37.09241943567604	84.76078089554889	63.84360597287557	73.40019620553504	238.34498855625606	0.8214608038893427	34.93210053538167	1035.1507088856406	0.20944284442425695
S076	5.35357783124404	121.35914686191468	0.9101801910734921	132.0615866920986	49.569802689332	175.77314674618898	613.854129218416	0.0030205011645113252	178.47079243443844	14.205444176970529	33.62427947538033	134.8732585244561	29.412364476314703	156.01977079948128	210.58335467482584	0.24762809293302368	6.402019179883659	629.1358090120742	452.4033813300929	45.56974051292929	3.7883110591702627	160.99686251285377	2.3767087209458095	428.11638360969255	583.993827430639	1768.0475492209496	235.06719742755357	199.93337380008114	3.5791877196718573	111.03126368432495	337.44656170047386	0.6560598447356744	92.43744872764842	1262.2833526583875	32.95746831779946	1.59804629108497	0.00011002759239930825	151.98899548412044	1217.371514650072	246.880439342236	2.1417122201031054e-07	115.26694286334927	50.55222641351392	3.7977348577213017
S077	294.0301983659123	0.6803799102906579	4.661819327411734	139.28906894375694	19.197265797364324	3.2486556642002973	22.645924474749577	17.833762436695523	959.9830631007522	7.896896663415142	19.268307215255664	673.2999318117517	1.7937295886756428	92.65529626394289	855.3065269311287	953.0460430703391	78.54397961533505	20.29788855603078	20.514981369984792	0.058587302776775235	59.70899861374685	54.67897985883815	2.094376435459384	93.3407848525446	19.07925616107383	0.13416289451528057	0.14055899705506622	338.8880962517471	281.76421419236226	72.49201293115269	0.01627699016878583	389.925642145569	27.726447165178662	195.96459283182494	728.4596181863374	372.5183215075338	804.8571620202297	95.2030979260021	333.3648876047521	0.14260185538453427	1446.2007003898775	169.02158602916333	0.31895388964232535	329.7063638600709
S078	15.533722364410718	0.1266717344265262	8.622030423590754	1329.0944405891244	42.58363042612559	22.883116042062223	185.77038368544356	0.03492502429206132	112.17915394655809	101.23768418545393	0.009654071331178639	6.61704021386696	0.12678343337795211	5.416839494520304	46.63817919837217	112.09626824504578	2.1477232546127104e-05	911.2161853079806	0.3264926353736008	1288.9332782777878	95.13962797603452	3.6497812981179123e-08	0.2393311984783172	1027.487552232289	291.86154493718715	61.78713567195094	2.2389232531305345	14.933517320572468	1.7212901892499577	0.8522456258319475	7.607988419360033	9.238548806534729	818.5793313574159	35.23566326038227	200.2719981908249	11.87618481922263	0.4103045596340733	81.69366778175804	7.787693209261185	20.78869876047235	22.23944116383666	861.6353451249546	732.2178056023115	1504.7096597264301
S079	27.886992973531537	0.004197817820135615	135.09994971902302	59.34758341004353	1671.5194962379621	7.829130159096238	0.018113496171248675	0.7442234594550342	333.8934050910555	10.758878518482163	6.717264349506515	0.5175149255048074	7.427412658058126	10.283702728082508	1166.1419130307704	31.42937064710069	51.847788242969514	70.50665066443021	1852.3595525355934	4.7034485744982995	5.167017257492171	2.1399452621203605	187.54928175726008	40.723965938900584	151.66997385180895	0.12331937314376733	590.5534694360978	637.3146567758811	0.8144265189734402	18.683115087106856	488.8487570307391	96.12886070227972	51.2919875103427	1.302166466773359	0.06439566987274051	0.00016281433390423464	21.524564160409476	4.195832445557929	1750.2623211088796	124.40833318484583	241.93171939171964	0.059545290739764015	135.66665857369028	0.5389351518770946
S080	3.971050082968393	15.591776390847995	1.3069524630666927	378.2727156105804	67.1397883503984	226.00083720784522	7.85003713427083	115.29717295540361	9.071240458051804	0.02191820236929858	0.8095373094426243	32.53479428860174	665.9614189711366	1.239321499599908e-06	0.514246842635974	169.59017047895972	2.3062625082878236	1268.7026746401639	535.546893227125	318.97498178617235	429.743336462272	128.95078707999707	8.349489170342226	76.27676754744675	23.779127062673503	24.71271093009304	804.2462068223876	29.005732033751833	150.4242680803652	1131.7148298126353	748.7733727919024	189.09879220601823	1.3016083939475058	655.9777457444467	0.7814665878700278	9.736608282900951	40.1021769948648	1.6582763772262386	79.56258303484738	999.6819079471782	256.56618118732024	3.3916083945880304	46.23598823777204	340.4639586695042
S081	363.4805420183755	178.74874280830485	9.798625345816324	0.5712086271784438	4.005720374088465	879.3996904020297	246.4271700733349	0.29452836374356994	111.59167945818065	297.1757063826565	492.5545494897534	162.8175041775781	199.8576975003044	60.55135030230114	53.64363223671876	71.72191019042997	384.1077926368295	5.473001015189687	450.0909299770655	85.29239569713042	22.898490366286328	6.805839061468073	9.488581083276765	21.419870733904336	0.017395813756677692	51.579783921339896	620.9209227941212	0.761197689054705	1787.6055272313781	384.15352031890086	19.397483066742023	63.781038736003254	158.66292899376108	63.99256713864999	50.872923114868954	45.94002660261592	262.34234765832963	472.0471653973487	140.79301756402597	26.60197755108895	15.394365302780455	4.285171796002775	205.81838996702575	1506.8150910202585
S082	0.05109439904744883	774.2997913745282	163.3328792169049	118.6551732229114	0.24248752571559556	63.25243210483863	558.1384664320628	41.65807249049896	507.91717711047164	4.432010965169247	364.8559770202631	96.06120675378662	3203.558218680553	48.992504780284406	344.4368739505094	2.7315246473432224	15.668123265776622	0.780921540006725	0.9977841696938906	803.4034981957892	443.98877275707343	44.35825775643536	123.68900752086668	0.8335965052331391	224.88604333374704	18.281686256868486	21.969095352351513	120.08483805209629	0.4995802224539077	489.5191408574572	313.2357989017872	46.6552886185682	54.127946501126125	37.34617346364122	0.05182723261498805	61.106391708077204	557.4422729091327	87.84294612452183	217.11970235906972	7.885730130866094	0.021827790754792104	5.7490552296227585e-05	0.13072959682152255	15.457070711723624
S083	8.50118634992861	110.4677902429259	848.2928225699474	25.48579949758373	38.04575561396302	266.31190830114735	3.9362231750181724	1637.5559475493183	249.36398300974176	1.005789160052644	18.72431614154975	2.8709764010390493	0.0009737619912842186	38.60739334367083	143.67127397697763	16.700111385781536	833.7273404833401	0.4180448097742105	29.460463722365205	32.256351776975144	167.48570457273846	4.797917027462469	497.7612133719184	0.4081156967832325	301.1502199587128	312.1423289495083	0.004127357070439395	24.967573860201625	5.913813816125428	1230.817197807629	1349.2980752129222	0.00026102203321208984	51.13469362763566	9.841217124216593	191.712787629343	0.26978441552723426	240.76402747849983	189.41799026745994	27.4289413849983	0.1356530985238179	110.81868701212507	103.25906049070029	25.625189490785008	849.4409680539865
S084	108.84904097178709	0.11137682542347739	1895.8365828822955	0.09445435720496771	281.22854088465505	128.42511628280053	0.0044388781836678685	309.9166112395515	0.01439363566054374	2.053885405204973	35.06556321752003	54.164918172939466	0.004889058806850868	29.115314370521695	527.8202842008891	491.4442109866562	0.7292588724489094	3.307347097210473	0.0706533476642919	0.6406541586938914	516.6279497902289	243.09073210736244	338.7221547800754	305.4771119765347	1135.2530687503224	48.994769672945424	380.8860521862286	2.0990301229375157	1836.611719364071	50.86925492934105	472.15845533723035	2.8615199047231967	9.401691300111153	0.03290824813652947	359.68668102893264	5.008607715286221	71.01949609225755	43.803141034798934	1.3169169792326083	29.39695128818301	104.55287720678704	1.7675031964187866	101.44351901832785	70.02035312340949
S085	177.1415228280521	7.618559672170171	1667.0321873881212	337.5669942899199	119.9467157550421	538.1400206224843	68.74694643766504	115.6648997754798	50.335140210451286	5.56106267714562e-06	73.77817569875995	48.15489793111054	21.12676146884034	0.8483716910502181	313.65719098256284	108.23473693842604	5.054232967636143	0.782973533224594	0.544417380883176	13.855415128017041	3.213085248253311	0.07329326300268711	158.13166325016212	8.878494129747573	169.3519622777257	2.281982163737403	104.03033772888048	0.5537442705734379	207.19974353087582	159.88513242550073	1594.1328240851296	1765.4328253452645	8.914134674240087	44.09064185800623	4.4916488671676875	46.428445189270924	605.4667059771094	0.1897958680612177	169.03574483686634	2.779206140714253e-06	1039.6880544760618	234.739912053249	0.24059170549837156	5.319067735453442
S086	407.258227875499	58.80431485838669	2.693461895111211	2.007336320804585	42.2808074444847	10.642684093625403	1.420129559546547	3.7746486039800345e-09	955.534523424488	2.678702464243986	238.0221722454327	16.367473904265633	1654.415787744928	54.195760855415834	52.24834041954307	1.5277541403872863	49.15341576322254	203.4088391500257	892.3537875285306	104.60434443008391	95.08896365647506	0.9572743899015509	59.69179020314049	123.74721258601987	392.2099479286864	34.12335822295447	389.28527021787585	31.36660939400699	941.4444855476563	173.36415945033704	36.333264962838264	0.09026413930342354	324.55479223929956	2.022621777221382	180.54157265023812	66.05193054422831	989.0817342679685	50.662722707556135	32.74750684040969	11.450999818351029	579.3793884049911	21.08130955534085	9.353624326606717	705.7513320467915
S087	139.20085828396066	1571.8774782245096	195.25514277332832	87.21980565689813	671.7240680964107	217.07426512632063	204.85800110631703	98.89425682846341	1424.3488103361378	127.54692328022952	517.7994740672503	408.4705362377042	98.71201332652623	14.066202651484046	0.0015025173793963267	182.2149781271247	0.004189944104577533	25.02604764724117	27.01708701797232	0.024844155430780245	28.881520853762407	940.215743544264	341.02946768292543	1115.370628204416	24.553788780538618	226.14929089416358	117.10252507099939	8.026755046407494	13.032712008037757	66.53445005449868	227.52583401867858	3.6708669568497463	111.5245721177799	0.0268320610840257	252.42712494235624	18.30668758008698	176.36217318606586	0.1533187145478813	2.8058078947854495	222.6997098861186	0.00029909933729399925	5.537330309007866	48.05710108171343	38.66897460678091
S088	5.284281146042358	46.469959081813535	9.259273496838338	88.31017463155116	2018.3260087118442	64.00701441075812	1173.9060918994842	18.177773794212552	9.122809971298501	298.264568340439	0.09991935612944475	423.80152214821476	200.96880303505228	782.703387718078	92.04834743581489	743.6461846710702	16.416023266847308	5.059867132316775	642.4787501824349	38.272612413398605	25.13809650431906	2.4066008309377045	7.956049798512184	32.889559929990874	34.39998734251887	0.25524886497286403	142.7563281488883	86.96123746356264	1.3960760159918133	0.7390950117667056	151.13592687861868	7.888942648825369	1831.2817323093727	5.90425282688108	4.321352563189989	0.001599283873327013	90.72721685117187	1.913826489308083	389.26982380522446	36.63845518668934	8.238356900300042	111.29925939320307	348.6528302124385	1.204771895802978
S089	14.385792722377762	108.62084032526596	69.68446289873737	0.21706630735948132	764.7508101743343	1.0452596455233918	45.841786177946	0.9566945699117645	0.7348706241805365	304.20804577805524	62.88743907735657	206.30495893327813	38.460889371148994	0.016490555349928677	3.5553373576059797	507.55006451737484	175.93715515275696	121.75865132972667	115.55193644899124	0.18655663446464782	0.7472765558734227	655.3508355751754	172.09297297416347	31.695247350983927	20.412215443320914	242.92039058859132	73.1387047015173	984.232217487181	113.19686166961971	6.37298432615076	0.0013321088003081293	1151.7152872532217	983.29815321478	0.005410301794446296	63.34688673621914	4.252139291512527	113.72007294927627	74.44261484784036	568.7612316323633	0.0003503430461542659	39.443512927693696	171.0223203035525	950.4776289590176	1036.6982438565608
S090	0.6058172849332828	58.37861425085374	260.52462856550164	0.02014102468443085	861.6754631710145	534.6574334293407	31.67893529641107	20.389608036685978	0.0003026822466283178	35.61038292800582	0.2777828945735417	54.07579394869939	719.985100987597	293.98256030124264	347.61977115649364	216.77893927497723	555.0583668068493	1341.1627423012467	0.40047933239269073	169.22551806886844	103.65707778374988	307.92929571351976	3.2807144446263328	273.3381320298739	1.457105548375668	69.55313893461323	4.34270323107305	298.40811794174584	0.4714144881785753	66.96552066057117	118.84116876420715	1249.0404026699264	29.19671675058135	724.1412145212521	14.454679284088463	20.912428657120977	4.097700122007279e-05	42.32162376798982	360.31608612826045	298.0004341552573	18.49177204361815	220.82955260225987	270.74341054701296	1.1988666124762204
S091	13.534271230221911	59.886039319911035	24.5454111036788	230.6070533358106	402.06122111981523	223.1406500788738	0.0003327660398969705	38.419863071897844	582.1137696768229	10.142591835995175	27.563611830093027	17.313896977608515	2.48481990298596	0.5991050665471123	1267.427012717447	344.27215184292163	214.6100492624765	18.32687230432828	98.07917797083527	15.547552359540841	0.2587856069326883	10.314554583258726	0.525703069824811	0.019919950529114647	13.141064567877914	89.71909205420312	111.47869840818251	29.73893234756682	34.43815911862189	72.13586915747355	0.5904278535399056	363.6483265552983	1.613793980191842	46.121126026465745	2144.9777413585593	586.3617730914873	0.023376032538905574	158.74902269923086	776.898487664666	6.4451579570299025	1400.7076305025475	448.86812254528064	102.24223077691654	10.306550317925453
S092	0.005920655069419848	650.118907700385	37.92145247861526	24.296042887577755	315.9959359564981	17.96640729697403	16.725861223410163	16.484478305585867	31.25531666546243	4.689600092288475	41.02705780939255	61.08024969235444	72.31238134239126	10.654786988301131	1115.2211413821622	106.48652965181326	15.658553702467161	0.8520489783284935	1.06300587856159	4.469629414785796	1226.186251137723	85.68897492696698	15.913714972446499	123.6316669992687	1133.5743014622908	665.090817853172	165.0938005376475	29.69349280238102	35.845439830973696	213.30340310538307	6.116251191724686	75.94177309026821	302.5450778177189	168.06670517588958	58.368071837546495	32.814471242003506	1673.108603134228	240.5022329048578	21.19170433553089	33.986598474843895	87.52236878329366	0.8388438618322859	1.7866777955451578	1058.9034486240396
S093	123.0601692251415	594.457623827169	214.0559631185474	1195.7403572099067	367.83886893137264	6.345381658168651	6.3411686208751865	0.005066430677522838	6.578729549696322	3.7743342605535077	29.424091317749724	0.35351756511576915	151.62214264949276	1070.6593562016224	564.9375620238065	793.6041601421729	326.0641738678532	181.90301734283057	135.3185002444747	936.6202308263785	89.44485881230221	49.26762050435773	243.91548978030502	594.0679628080255	0.05254837620240938	0.0018216138637365906	61.98914526447477	348.376922295114	0.17982051322693163	60.179663775335555	540.3307139063855	23.752556634804915	20.27689266727286	41.489426420424834	736.108383314392	177.93679706085126	0.0008834134271755312	47.679975962334495	12.835964077610072	149.13938561137758	46.50593180299656	45.46751186091647	2.2822747062135935	0.013033804179521406
S094	9.385079480628551	426.14941949706065	8.610552264418805	69.80328938028399	278.70982630582057	16.88889827398898	1.5939899066034662	19.554695263397278	247.96530924080312	325.47154750185007	15.747700701962025	0.003726506621736079	53.083215424567165	686.055612677608	188.14200295368266	47.439475425155315	104.4177742040776	123.393974093178	1937.8625736311924	861.5531916460545	11.640399275165054	687.1299322639726	9.8821662598307	2.382791211298024	11.602828788176144	308.1925821930632	520.9321356911172	229.5714890374445	5.323534467095006	193.61442850417524	3.3422840818831108	390.9498839762406	26.07903329348126	290.06943076877354	63.57168569637569	40.88995016148802	211.38881309715848	19.73109240909092	261.02235184764123	671.9658954390749	0.0746966024229335	385.4152997139019	232.72943682917585	0.6660040129971947
S095	519.9267861350123	0.11950366254243051	381.27986315120916	436.6219616261571	65.9914331065186	32.17267904982278	8.871163763629301	70.87007079665639	287.71958443661083	270.519846344932	0.02697822102046446	0.1063605516241096	173.72399146575964	519.461262795271	0.000222627874205121	93.87003872252394	72.45713735488083	729.972590122461	44.51362165739675	1170.1499213879022	4.698714099133592	9.70018619314339e-05	166.83317523652488	84.38462075241617	1.5001395660571684	4.493426256730525	2.676138515910695	1.2276212289637274	105.20227400752533	69.23557572808687	834.2740207250936	96.56157077280139	1169.5371534484723	8.928660522746018	35.660411141996455	350.2457472485922	178.6222505844443	10.252595247919992	201.28489233049604	4.195112688812479e-08	1.6247870112571905	4.840496216953818	1776.0263998637604	13.514215470499702
S096	32.63052135736185	0.7806968514067786	367.46848669529214	18.806148093201777	120.12858566275719	171.53666794032134	266.3675505734284	687.261584439554	50.77604293174688	36.80428075453922	449.23710333149666	629.2207573694889	1807.6764605723124	6.778723313244809	0.32219431667980974	93.02639692434387	516.8090033451401	1.5007580480477586e-05	0.21725818542030678	14.0668322070822	110.69205366458421	45.41763607894522	52.27651048823601	67.10034371575355	18.441517708610668	0.14603414163558104	7.469964899692405	62.28086915347167	0.08733938267215531	97.9561901207474	37.97778681360935	56.70952920151361	10.84723218113793	816.4514345675484	0.08309403423443272	477.49741668988685	2707.234074348233	0.09690492277723778	16.137240847674423	25.87377456958343	103.5454466493327	0.005891186691664464	1.7579859173296457	13.998418843701295
S097	21.323295598009757	1.3384390649396358	66.6092960083541	0.6212162459794923	295.65689582940206	191.24817156125232	0.4778625277549211	247.40407659167064	528.4828098368956	239.92491193545646	32.49775244255678	168.14737848355176	79.65761060222297	39.544995319663585	0.07565315693673491	32.78124940658208	273.6457791317712	0.0401351127319645	11.040607821950752	1.3046288528305592	1522.6685067059354	2.7454117052446474	26.246438234098914	87.42047096335652	304.3254088467718	9.591291967157943	80.50662682660571	7.2654483350209915	0.0015538239603991766	2.2836458425366217	199.69492775452954	466.4078378693339	4.2093870396623405	938.7116019336504	3593.7298485525666	236.69540463712127	54.24509905387724	35.59465784978063	34.62537160805423	146.22784732628563	0.032157842421832186	1.7653710997153746	0.46028618397081095	12.722632467827788
S098	133.5537682695233	34.30762314167813	57.92154009424587	704.2099150988938	258.9144533617421	23.550180382825978	14.670218279667818	169.5112147146456	2829.5818582123156	342.85302264274816	218.09220482542537	17.435349598926827	28.873253121603614	0.058466769314050634	472.0806621548109	109.25467221511862	64.0692926558298	69.8569909792675	156.74992500471942	31.33197014130537	210.02432760997638	23.060575808991935	61.4377411772754	67.09089909893382	88.13759749788173	11.36921001553934	183.53953870827263	697.4995580753967	494.17729319803425	43.79504059367174	3.788155823296239e-06	46.5203995301672	5.7310192779074685	16.396362923062313	130.9218261473364	8.969287301172754	4.07105356401642	656.7252695397685	490.43924022242743	2.056871044418846	892.4075121477171	5.542636232116389	2.0619843552644275	121.1481704778906
S099	254.57052207485538	13.634283919996802	0.00011404411979740693	487.59464815814323	7.967468889599378	329.3954174325215	0.010256354290680544	19.14111153860473	62.31772074906136	4.372105811006506	5.917492668320249	2.9716680382463734	959.2384271686533	2033.9091641164905	634.1602133234331	145.29109073172268	283.15289636330346	2.0127150251664703	332.1129584326856	83.77984010382237	31.054311745898026	23.107884299664676	197.89393007179234	86.31874610437009	0.21044488419675836	6.782463242160208	0.0005474826289484914	72.18488671785683	964.8650859286524	35.29562234286888	315.05356333154674	0.7544729296380225	95.97109475930031	244.88352838344696	0.464263755622176	6.693320097099175	1524.6180846575755	118.22515004493148	22.932399863694187	147.06891839762602	63.22196819270918	55.75348248125451	291.30631863817825	33.78939670324566
S100	1.7994465494948042	0.6334695277583341	770.084356026961	270.37424360572174	594.9499872748644	12.973295817328232	0.5741798575547061	548.0101078483643	133.01141675870082	178.7983369214058	0.05075405293961409	613.8337550723329	0.1591343068949441	19.46014793075651	552.274903316553	1226.2344303755376	45.28061769996563	943.3002196858671	11.836439357847139	8.98565292299496	0.05852006532748106	258.4077168436539	43.558752304589284	26.77910985231872	0.04827628156614725	779.0111397487143	2.7211089040136023	429.1372159821522	254.72174730112798	0.0026981870892581724	1.339448900855532	1012.6459098881259	2.028410520771136	18.703632412754903	0.3212832778944658	54.18468213092009	0.7009873766198066	0.006116389623363748	10.739299138394674	143.68341920941933	51.63662527620405	500.7158865600881	461.80392471576	14.419193822173217
S101	61.69595585868351	657.329415145357	0.0003115230930337524	12.007221651157836	18.776655855213864	80.16614122618346	80.68570147122041	31.6866875855008	1.8914444344120758	280.9198022955676	194.19271387768336	127.6896179864181	66.82916492140056	70.35360472138227	0.08985482496305469	49.75757819414576	67.32666044661106	1539.9834294817208	23.495096736839237	15.436193727567668	635.5813572974552	17.649568054911807	0.009007828998163318	52.4758517350094	60.96693290006716	0.7242870420931997	806.2584241539333	34.60181601972139	28.15355418944433	2.2961124788096376	63.37807216140989	0.007884986456390915	314.44633650592925	725.8103408027102	1117.3975927610772	4.81815827070859e-05	0.3572651430465639	2.3349833540629987	935.1801534861142	181.85524972604472	1.9933814401977527e-05	675.8812457348046	186.85611380255312	777.4645297548288
S102	1016.0242705391796	5.054541189293474	308.5477733639082	297.1088605442674	403.61381628621893	835.7010884337677	85.26157649235454	50.131986864858945	86.25902769979336	8.004920368587355	121.09247559124479	1.256760496444982	203.23847213178473	74.23751724600962	1215.973910767534	161.31282589870474	3.5722533892766677	0.051593962361196025	124.75622361541646	179.04709489721637	0.007651994451835508	240.6465961569085	297.34135736028236	4.78838458047321	27.051635274550332	453.6163031580466	125.24110757905487	6.3831608396473465	2310.482680508605	8.323685085390782	16.312058994747105	8.503540851347635	227.2923617946297	0.2783356342760904	0.3686702111356878	0.27801381863164143	0.0017259221568194957	737.5745919886255	0.11862754164483612	69.18261516524132	133.66737116307561	151.66771576517792	0.01527445782723608	0.6095443758456561
S103	118.70887826803862	0.008056173309442064	1127.8172588213147	164.01257293222713	371.20272054230594	604.6116934130382	779.3940451182893	11.317970051533463	397.6173494630984	5.7851143480036065	878.2070030405089	109.46187105560284	65.42018972109067	1016.0279853470513	43.078192680572954	77.02987892459015	88.2483045392226	85.03162435934414	2.801908903490238	329.31652713483203	165.52320776148406	216.61951049090146	33.4593203741704	177.62344623441533	566.0985029433613	2.162970051161687	168.85456829152068	0.0013331705668991724	5.600711747447863	260.4917739059006	3.767878185875282	89.60375421755191	15.08355356791499	1.7344872569036662	381.36115360200216	0.00553061787662959	0.6452857355020707	922.7693149510371	161.9166194905487	216.22515934889933	0.001306014945322415	247.315978265433	3.30760027010976	84.72788866700344
S104	593.4929288511429	392.0745434792429	335.8694211188086	480.9515593763528	100.71971526694689	63.50279985428667	9.239299976589257	1.685054710450177	0.0172434909697271	128.7814652253794	657.5844804898616	210.77473559794274	198.21533829560184	61.54621869027751	15.279297074289063	31.192224748774933	1055.438387192974	156.8775959749489	25.220062238775782	38.588279041577394	1097.4044174422663	0.4680568288893836	44.659604872683644	16.364273609404137	67.37178677044409	661.5018268729549	0.025418706728152895	934.3235191475629	0.7986270692248083	8.334581514426736	903.6284704028917	905.7164989330288	240.9267679370412	64.55517406552454	104.9252367922249	3.523781205913629	40.03581561756231	70.82353205232378	244.21891127484233	0.23817459795885965	1.917987324584677	7.453136087558453	22.96399225345302	0.7697579253130356
S105	1.0003578442869956	774.9194606587037	61.22178910045998	76.09125785784002	107.76633291981241	0.3874956314645824	41.86748334943704	319.9547706381677	0.3142026895751485	615.038097004104	1552.3485947812474	8.457343467645513e-07	390.2769765285548	122.8763935093843	23.243927812594734	67.78234646287208	2.137313662304189	379.09061798722325	324.48085820097566	6.959632363935615	692.4683071614668	0.7529667075486174	557.7601328792595	649.4348555219505	156.1617481354581	0.033341028414487404	68.73148245216468	67.51846197185145	1.8845964761917606	1.4517155973275755	8.430664284894217	334.49982038686613	5.533502042662942	1138.0123734703625	36.5932948441093	2.5189454620802625	122.52090161275441	310.3964594523553	15.558594122321887	0.3489565133711392	1.2740146856337082	152.4672300551236	797.4439560731038	10.44576921405077
S106	54.734247470878024	221.7544574301553	555.8921794510316	9.15628787449063	33.714478103071464	63.17055388579944	263.2680361240915	488.6490886848845	426.42138581228	7.562520448573828	0.0016942574601665616	76.9751961941147	2495.2340088211795	1.7286019173614682	42.94874002521245	386.2360282960266	116.6236307048798	404.2366448297674	244.36735718584416	12.771148563776137	68.29444519846972	7.534981922763682	326.39782099350333	0.033293526974277586	0.00015948042127596635	158.80694311487952	6.048873737023176	89.61611302248295	13.26795408422007	0.012955442659552454	277.37964944156835	381.15093981989025	53.56344060411648	243.3144340432558	0.6681005557934276	18.06927123958117	175.70153404143682	152.69929369412566	278.34469907205926	92.79674603281694	653.0046526928826	39.28408580986782	767.4218692027601	291.141457145568
S107	107.0940496035727	14.9515138623272	87.97036285614674	0.32211174357232986	219.83668926521327	695.3145911034434	1280.7668067393213	10.398117065841365	37.42175908808088	94.96582572970625	234.1041632002086	0.3248740561339135	12.03106050878573	0.4801985347653094	0.20285723199692338	0.02175343547422697	434.52532260244806	899.9126780811495	128.23786160219709	10.433067774872102	699.4003377429868	2130.5178177306884	0.6219827543892326	30.5896006327956	49.07566323310974	71.9729563535594	0.10653571239318461	315.9156868267847	271.1349082318402	30.417107443259994	466.4306403888269	80.43517148843256	0.20326150529606393	2.5155461950711158	150.7307254203142	29.1024929469142	141.39990193403534	232.0475996622533	75.08928571541264	0.8536743598386978	25.82690095992797	906.1256155889125	0.7462425466048848	19.424680541093412
S108	107.76595944353116	1383.7601579042566	363.21298124088594	2.9236270039186527	76.67065689268394	3.5000634071996033	18.788163125761347	36.408341971332966	214.39484739291518	84.67607694238824	45.67567351966962	3.2204225127455426	554.5810190825405	911.9742919139488	379.67344591453065	22.132444578647704	33.274297631976616	37.00476404416488	510.0358437986647	3.1855433289983057e-06	657.2238699855695	2.752605982077208	0.0003591741521887984	480.5910984959686	2.083702552088608	45.90965464617878	5.181850494242383	35.1935311517021	39.78503213864138	281.1337612972489	513.1128843069954	1558.171247701698	189.95884143099786	1.9456175944255667	1.3643956464123652	0.22287096092418401	114.75118972131374	76.64115868904186	957.0291642945892	8.322675629606877	0.00016915395574662384	57.43450396978803	161.23660633517622	20.28012713990214
S109	2.636601157793148	29.179212938105543	342.9571360454646	29.192410554252774	382.17546220681163	5.840641714083021	2.1017816009029997	6.215822172512814	59.768057433568494	758.8676172887452	49.39322162521635	120.86435036256202	1.6592383947775478	2.925542446004817	23.00564444788715	0.0336929969687146	427.26954522582145	143.7605609627834	74.52582055416183	69.50530410533466	52.249542098488966	15.457749231625943	424.40359690586274	2015.3840144631101	1111.9921565062243	5.438492490792145	278.6152427030834	405.983434703399	496.3979852527506	2.4588621102003927	42.7947173887742	25.86504049800941	0.10232604433229171	13.860951391507163	382.69500533310435	195.54019098173376	0.6815175031800832	264.7320626933703	846.938110323275	4.072058836801815	254.60189613791363	0.004201622978714856	621.6414155247523	6.21176502097087
S110	27.987379188684503	84.75922752168987	129.16697968266487	195.30331678126817	612.9424795669768	683.3616380457798	0.8822173475705947	138.73721089352622	81.6105231988972	171.38102121749827	11.820001343189457	463.47336812998327	1650.6579129079093	0.4925041324517582	0.22777976486191104	0.016002317759050897	95.46755215052917	0.0942011301514328	137.01679214551055	998.5377255682226	56.955264268526705	0.3822921168821645	30.95196772568967	34.607304960509055	88.70354019027455	0.053243526604793326	479.1301199043355	617.0010414210825	530.418027572861	0.09576752510703489	0.860507748987286	89.12478569525987	399.5956541269815	156.26396018136833	67.77222457844081	559.7768255723406	2.736937947871471e-05	3.9828031018071477	633.906419685905	0.46632651877330217	156.66162116333192	269.9920223114399	19.254694729098055	320.10772496988943
S111	435.4276000814496	107.3318937909775	539.0799069013049	3.6279917414289145	41.22647835549983	772.3039555504038	0.0034073465352707907	138.0331895972869	13.677620313854042	18.311409677734087	0.0510556662218714	4.479045021758678	1.8808482596723999	4.539140749750108	590.5479177758604	32.584629529543975	95.41949870619459	14.274936082649967	60.28352444743309	682.0471643104656	1.1898788975969314	29.252150200724525	6.309975114716864	249.3319244520354	1134.4333508844625	49.65103613725863	197.20512015642646	609.507999305867	12.109731497100867	0.012141398153500287	567.395993639751	168.36904492056226	483.42215445634696	569.0327498517264	986.9298778018281	7.256429539638763	82.3737488077064	116.36836692782124	0.036000067502471575	152.7269219040264	181.9243001739954	72.35343866947666	590.7625399689039	176.91391132034224
S112	32.396056650907376	825.2587863831753	52.66778322843165	1.2369225416076588	37.4941105926575	360.59672326872885	133.51698223801952	997.6757998173665	110.18187170317661	999.6704456727404	25.058523964685516	0.015663510372386988	34.745219487654076	0.0024497399762241014	170.3299943227949	126.95872073942445	1.7950393238946085	551.6592458136605	0.008393481194396195	0.030366025019460913	73.76854516819937	8.642480273102203	25.033201088512484	12.671361607769585	35.28940338529622	0.8049995966336038	28.190188281561795	232.8907729072086	809.1525130778562	48.97257817383592	1490.3420854273788	0.01532258459967917	56.6665142902124	213.15965873820903	248.43553029240132	9.179063750528002	299.42866667488886	340.8265929613691	11.588777850764977	159.3125167075338	0.006129792286056118	107.06960258635446	1047.9827978491853	279.2715984288255
S113	245.58394785791248	23.519813800696394	0.001008073589498405	418.87126207133974	44.056389553747714	288.522350982289	14.961605957916563	94.50878723306934	12.906641185203165	184.33029853704377	274.8996985416616	3.884878091015522	0.0014422079598384408	51.44961382043	509.92725641696774	0.0020001465727412762	22.843756254186577	408.9498336208117	1171.385539611111	162.5700317596181	6.49218329719678	416.74755879136336	15.76436295544009	0.05939589664611027	442.43013913798103	1181.5052446296675	1127.5610001577986	116.8511877909268	219.1101990260219	324.0455956592988	169.69329116149677	0.21446380355975728	9.577584289757729	3.3475713876623225	0.6811349297964997	418.0337204702206	58.63804130190997	4.5811193155880225	120.94933967376359	717.5011990921838	290.1390314827208	0.002853109205624025	0.9468679882034646	421.95075892845017
S114	49.58188336566258	48.516179442547525	0.09259344727250349	344.35239687317033	42.775144104675896	250.45130419543148	9.961338624468842	411.76169370660904	0.527174982731813	3.023126765555347	97.29367403451025	62.13042517136397	6.1392052156128605	2.2543882606113193	3.046220603106555	67.61066903035889	27.229519566103736	113.25521538222443	869.8787567668509	19.865870719700013	0.003649315561862864	859.7221410607297	10.729771179781755	158.31751631408997	281.8761168257223	1287.6818765894582	1.4528924738465985	1.1237329984634077	11.894087049750096	468.50774438828125	9.403620298491802	744.3223694841919	1582.8946498433736	52.75726729436829	138.0572414334836	113.29405174266712	0.02147565846315995	60.169945380806205	49.82089967990677	0.002853770973864988	0.48960228328176614	63.20106871703959	1524.8220373014096	149.68660865729143
S115	23.656854316164488	136.74242918874822	5.659012918471316	1394.1433076018347	48.79777082741586	477.81240639110996	718.4966991290036	1.807653195745842	15.321050145668018	573.4547558916423	34.40733749124266	30.151481236143262	25.230923411453954	2.3130526636261366	9.852709510948559	382.00107714508306	0.47879240926131666	290.81663950584107	320.7815684247951	302.43946807448367	6.713128032493604	40.87259170672884	22.207196928498732	1175.3551950020874	379.58961459702374	976.508196442874	280.5105185518398	5.332305896728333	42.77226906397548	138.38429625852348	10.903583051480815	0.02288337241004579	0.0002162297652071159	177.98874361386825	356.88322880896544	311.08859886098463	17.044121570499435	1.2458992180190112	685.5505713471526	496.6702447710229	3.0093457537151846	76.2404084844214	0.6230700103265961	0.1187829479110041
S116	40.37594930346886	1090.611433107371	306.8592545414741	233.47741343420444	1351.9992182061587	477.58790575764937	0.35141893753779907	6.954121351328503e-05	3.1127185267422095	435.8227572887479	72.53942125392591	754.0513183829206	13.03141102060712	5.123867484387555	67.02299218693335	797.5994783884964	0.0010873679511497643	2.2228815764952357	0.003421496834403766	42.94773666330357	871.3036013051055	6.254489314531157	158.7255221146123	0.9118987028607171	4.2961933936377	0.05873122500029138	144.6183376148631	15.899986258541333	139.58175615123153	107.30535790381705	1.8724237280887281	21.32547486988029	312.32251312124765	1321.6508550077274	40.307080428726735	100.03288925158503	0.04294869058421814	9.651097459302424	14.891522907224312	204.0601684093129	98.52025488800966	711.0682600936116	20.53745253748857	0.019430156586971746
S117	510.3474175018037	252.36977127717702	25.985802843543915	216.39482094876084	4.1228946749120645	104.55853237046611	0.44093476786728214	95.74144478625101	757.7411815261552	30.19625765049329	796.7544023293034	119.76764541270353	435.8379632733879	375.65120183747456	47.66236436361701	71.63478379990744	91.60863986987256	2.2492421466129717	380.83296505245204	128.5997045853127	534.6538982818494	0.6167148126322978	35.950430561046225	573.3163097271703	371.6567657321056	6.5041151496160995e-06	0.3177583385997173	9.308663928208482	0.19849623796666627	316.3558644730383	159.28233280754634	187.706155278176	0.4199276930638955	710.7726079805275	153.1275639746846	321.7990333343086	55.94160592510298	17.94520300808342	587.6308302531763	74.37558231072383	4.049540279085796	28.215463209027924	1381.4355398442501	26.425734487432088
S118	23.757218507383314	0.00929990268617049	885.178432124596	4.037481447964159	0.003545326463290258	17.63202966478136	1028.5918535672304	106.86513405564973	0.08648687935980086	0.582910421824248	321.22765293116043	21.88481901330675	1172.8472466794003	254.79965467180048	17.31908037526241	152.34698982077367	67.9526501470083	48.363347475527654	9.813230132576049	23.980883364480714	0.000893616933791105	25.549313461772375	0.13172558135039789	775.9694120138281	1585.3773107832294	28.67807944222163	598.3784523246067	165.93140981806604	361.66248750809063	122.08794600711269	20.596155365762463	6.0343682419436036	0.012965103080487381	15.564837564268194	95.87335058809124	1.8817297850035388	78.25107281638444	1519.162389580139	0.06129773247497568	19.03663324990736	11.084415770341261	342.4716983441644	8.826559700908895	60.09554909108354
S119	1050.8788694291977	1.0997099229722387	0.5406554286210092	1.6271910281731568	1898.7019392114348	35.85114036407492	714.3957294307139	272.51117193654386	4.86839357799905	0.1746184666122919	9.602774655010462	0.8261490551188312	89.31585820749459	143.9713737022577	3.8767004792633277	0.9700373727175902	18.3171310409407	65.37648645415474	194.72931483227617	306.6158281328703	21.60157822703549	18.45470703867826	533.4278735353636	2.9235917471169174e-05	8.546940368761483	115.73825216309973	343.5701175096719	44.102497538918435	520.5905774893589	1143.321544263394	140.5086928951251	57.20907999965497	10.150779166699705	0.00021891015643366943	0.00011109919813186358	8.024506950781154	0.9793450894558781	723.6128598214553	16.274536768649586	307.82242210909345	243.3430142400459	796.0053525382956	56.3913815088312	76.07250880391621
S120	5.225062738181333	0.8957230141982814	2.3527450460239487	28.273953128779223	0.006459470067070085	2043.1407472613341	3.1819273937342882	6.523560025137626	115.53734420338321	305.6087516039086	1050.2101305594779	47.49819526481992	438.1257170950469	20.61913044338318	1.847406817623258	54.23160386893366	331.93322003855013	128.87723748531172	0.2779275556056919	0.0003229540219779862	734.3579759297555	855.5096013188227	15.901390525054758	11.881881724797907	696.9304991925491	91.94294344564499	373.68578001707465	414.23210822960556	367.29522298740704	0.17531520544564366	160.49895655491318	19.081307596549017	460.78328774253947	399.1403978841135	165.80848839867664	70.20105074622198	6.827070156889891	109.35322785562929	0.7154601349453928	20.068039462858206	0.09220315648005915	0.08342398294524135	209.61080898985938	231.4563927936987
S121	296.04623475336564	941.8959121922135	3.1613722135755316	824.1136708418554	560.5433339173893	5.877008755516382	385.4656015672801	0.2824841765069486	11.088784059093761	7.2325920773682865e-06	50.27414603378942	186.0467510878626	0.12721310218080775	27.33680298836128	317.99617012216265	0.23737860594578794	0.21611566683024006	5.480332843042832	920.1395691274464	16.59387008891357	86.98474907242087	0.028165205488435232	409.95943561105986	176.0137326479394	68.4239248648669	1830.1998492033108	12.89840148461912	86.43915019351003	578.1459218369337	6.988724356633131	0.2508033390837752	27.127464363466565	1.3715025224797226	43.978280290591314	50.99667756610456	0.9542742554591545	28.210189100148032	8.746614502053161	287.3499702549082	0.30210171418615805	558.7504104813632	1100.6273242714249	5.690463405046273	76.6391100809788
S122	47.353496843947696	55.209139223892976	770.7135103947153	4.433505848102941	0.12767211123851183	2.367912005302196	37.64086055002255	598.9432599193665	310.36611284133363	54.77416389431423	80.32080460932328	323.73286357631633	712.7173792475458	6.68116162392476	113.43664196799635	164.99591134720902	554.5092519854162	36.34180349788024	436.1195339320865	11.14090078700172	189.9001502415457	311.04188195899246	442.63235632990285	0.7551109790515032	1683.8087576412538	128.68070097214044	1229.5657474924183	20.067022326238394	639.3816789102925	61.523652233496385	1.4002869581944504	38.93951206335739	3.106458099445342	0.0031601419291336155	130.32850492686268	0.041072702533316616	0.13758284604977158	168.48913747030423	155.18840901826752	10.52030589889461	1.057708364813432	158.87735064503198	2.490515269875573	300.1370503021697
S123	55.72641229065657	4355.112775164538	20.583897327400344	458.41304203353343	65.23379743884733	0.735061303574353	13.773361363038239	92.08900645230368	542.9940936811712	33.41644412332466	197.792300930913	27.048494898776415	14.092572177943731	294.24931227197317	218.95412662432423	14.950301841911037	0.8033125719015098	468.3122277548805	0.5642910442485293	204.9729904565911	92.57545143399543	0.00768029333597524	1.2238014849636898	66.77377718491908	1.5174569138001326	199.09147163158693	0.0006803302746767513	49.097089674253134	43.152714893034556	149.67495265948995	31.79392134953384	878.1857265841467	155.36758163054364	38.82183520636826	0.022932869715861223	285.7206663935845	0.020594887118240052	99.93240539910376	15.642504804866098	152.1977716053237	0.17891873598844601	344.72154128700504	118.5429533115914	195.91774768360398
S124	965.4712277506121	11.066089226031567	291.5169526475539	9.036017042737296	11.58365747330031	0.6101215017154271	0.07075037359914405	587.0242602768856	16.659455965061216	108.2878904303972	3652.483287402853	119.27033599142088	50.65059647035833	0.26495998810957694	0.09757686062914267	2.363540701464236	257.1530905593824	14.215806704994865	73.99754081264089	107.15015252452224	0.3595291978766198	44.70853799095573	238.81937248224455	13.96847914942993	0.27605976763537937	409.4388528081113	0.18089394524990732	0.006356680348391222	2.9554476584861167	141.09640441967628	244.71926024547344	277.26289964584095	11.46863399007922	66.73731530453142	245.68223112057777	0.01126825354353334	772.0515055018639	830.376903085212	13.41777908491073	202.0903564702167	143.77790833378705	49.51574875564641	3.172644510266204	8.932300893766735
S125	384.5555917338433	0.21288329193398153	53.60253485868963	9.758795830959684	85.12120265078197	0.3648649817987695	1695.110718331086	26.113855723476586	1115.3671576422669	93.51291483986994	2.598110413946961	179.7190025157264	27.850204607867802	50.41265575334478	0.00010568261375423414	55.40078705538075	1.3081795310654671	4.332104671620643	1135.040476983902	178.2572442726592	854.4882048938675	25.636089975265048	3.489478288225862	454.4285477588838	227.74905854778882	25.289368515720557	71.99244441766871	1.858765916743192	0.09671128100684083	223.6534479869705	9.292513740040787	114.76396571674904	507.2187387176777	1.4690455236048312	408.42518877343434	575.883706587538	13.328176963738454	0.04236069068832956	33.132335480277845	1131.3038609375137	0.09515391580218875	107.91686200018133	18.958124169342558	90.84845782843576
S126	60.197809742076586	332.5365104774559	230.97019735210276	209.93046457856948	510.1841515347275	102.79331307865016	312.10071276899674	42.62227821100666	0.023970596012488455	2540.2508849328437	201.0672102444868	4.828552816793789	1.254017926667841	0.5616792464408037	382.63758434720734	1.492760061036783	226.81675246163206	61.37732418148613	10.145387512104078	801.5448304391624	8.341902311619107	73.04356177283134	2.789971876779775	529.0460738264258	1039.8326624252186	0.7249446228975012	86.13555982759323	245.04187956794806	737.3152536614774	0.0007513760330158248	14.984438106149963	5.823388447870479	47.52000423935548	2.342220751786666	14.235106139608545	5.1128667586788685	113.25833443436413	257.7094416877323	13.665462383775596	229.58687388985558	4.728594515763574	10.757404404731316	519.3890054726049	5.277904989438848
S127	337.4588257735155	40.79483781082044	6.453282871008436	487.9019413435269	24.08720728718829	0.15673730306035585	223.77413957283818	389.01742242648453	3.4067810005522325	34.9993044832993	235.13278330312826	4.380856808727874	20.779328280873056	1.9365486973768478	454.9152649441143	72.79579222916223	52.889864421055904	0.05624296505746689	215.43627564566458	0.000977279934885738	0.0004320733280745907	181.91175071738394	3.7254844940847835	0.05339885096882742	1.618717958894078	230.87296911350882	9.641384580865404	0.19082790836835997	1742.8117657556465	9.832884131211586	171.754687109038	209.68874791118668	82.74635646219964	14.657082199691434	178.998629779384	256.4604285029054	849.4648261169851	418.67873434392493	250.5237360853885	38.19268845153621	2579.7228063281937	0.5781354303046214	161.48640488614208	0.012706361468842298
S128	35.32210108571964	436.39603776805853	336.55850798736924	5.0580380842515	4.464062180868317	1634.2089678665207	772.3872734536639	35.265910450371855	0.14982377337333777	247.4335019962665	114.69549055543057	11.55440171363834	67.37798660839005	491.30142559572124	154.33214265764164	681.018863937652	10.562292008206503	9.441137426767696	1005.2262233404774	0.1964849003224736	1.684970162850737	301.1307362090119	1466.129939940741	16.69789136794148	27.239881234960958	131.32931900437643	0.08794283677520756	281.2856141810726	43.16674260410823	40.47908627287052	350.3819427369964	24.00191836647275	2.0712313962963855	244.9746756574358	37.416279620269194	12.662137230663717	13.502729424656167	105.94986388816231	10.077809759983786	217.29832670884932	56.20999532569677	544.2907352291714	18.851790329722547	0.12776712020336076
S129	25.811149302330644	16.45228711580713	370.5827222882134	340.1711008074226	44.769041855180035	110.55197572252298	271.79546664624803	168.50319403264123	106.14460523276706	328.9896368631906	1.7699350666703928	1604.4340462528944	88.87979319544287	388.8052649248095	1.4111469997893027	3.2513842264090624	71.28753762476121	2.078432854892812	245.08069826788753	0.875456399505104	0.15276641092647364	1108.9420821154963	292.87999684649606	540.9187229957882	148.6605871286046	6.028494466773	10.690765249294303	7.554159198401362	1367.861679563082	250.72421023077632	88.70199106831582	1016.2183774154441	0.33245421551150606	2.9414734192241885	0.006686601430754891	2.8089572880170985	238.68053093981982	36.33079272807003	5.62739514049018	1.767751937289785	53.75306546559573	404.13443793716243	205.2902369676866	17.34750899091772
S130	289.2331089689712	2.7929451496454036	69.28722905538814	2.779509090815149	364.50131647890146	241.07997119718854	1.1323577773715607	113.6416604074279	0.013747498937286525	63.1067246550477	14.516595438148302	430.4876208547204	45.964927264222545	526.4998517334781	234.02237776704217	503.94731036947513	7.188440307676893	76.16444117540877	13.64763159447003	15.370487522303677	1.917199294434128e-06	432.22019738903106	51.08732424659754	1.4562299483092978	1.3849859136535987	1392.4436754785959	33.293338056897134	26.962762271602667	32.64982236246346	15.85825292918237	1169.7104755774014	3.5803375028428204	650.7374447408839	63.155027347549066	60.743391570179696	1596.4709571791996	0.2253816556226146	6.043918200110531	779.6855422142049	22.581661928101575	453.730798586761	69.39957658662968	22.588662724451492	98.61197936588864
S131	82.14412064055792	19.76993954990906	120.49619308392238	233.11366311413232	26.456810790764212	1692.4970107183385	148.8801954930104	96.07610710687466	289.57804396349553	99.91523680503624	0.5162295131150967	19.66471264459113	1556.694050694399	180.132573859491	1.8600126282013427	27.386709729303792	68.51393502754128	704.8842223246446	698.6671361388387	0.014447776997895226	579.6234085857825	113.43446914822648	344.7114742522482	99.77789780168841	520.0226376142678	30.556154423410607	0.048270445292252794	613.0444290912812	42.00505349496462	42.72318337621774	46.833003099102264	155.94889339510277	51.05840963447144	88.78206631043963	178.34324171595077	1.9548369468291815	10.665557264811385	0.0011729869305006594	8.642401695291754	85.60077321387737	687.5082887098381	48.20971616325672	143.0586087710097	40.18470025654654
S132	1426.2543131050495	12.29605360805447	2.8619955480523304e-06	264.46464090162556	0.0386184242110725	25.481216607578734	91.0419078566514	44.37986268724438	249.7122133413245	0.042293574845563925	1.1544890328939887	1.5435419349973756	0.16100316931556502	12.479875108905262	526.3168237141756	0.07767912614910343	17.937688682809156	128.8552684854059	15.414278397628614	858.0259436769976	9.717245732094313e-05	1769.8131736729435	0.9924324621659004	65.47208465118544	1041.7802189731838	310.4721967486851	23.19975500737423	72.09298378233353	940.6044155550734	0.009596034658775728	1.6080145003323285	8.353536712373373	24.389202829038318	0.011599351700322889	55.20746638368574	96.04680216352119	25.800098011520245	945.1050337332262	25.461419194591556	1.364599948810526	651.3097919931394	0.011514742660322602	5.8889655570963955	259.32728652038236
S133	343.75688583555996	2.8718265699907066	22.76820174602222	130.04931342444823	865.8931610290098	32.86245818221623	2.268910866330641	1387.1228653209614	390.34044379486164	453.72484790841725	8.909354523746849	60.14175192221527	19.073295163704714	200.87879971299716	2.7865091472313632	1.833078128886304	796.2946991596871	1.6350907030041815	16.73345441504062	3.4221776901414227	3.207067515140661	218.630868367389	28.591512225890582	4.544479418545537	0.2311201500042334	111.07334643095304	16.933470500186978	0.08016234354278448	0.36827996592493545	1.893982638726882	132.53603190481226	163.88322557901438	650.7539856135455	1445.8783810914572	27.33562876166937	0.4612827109729889	1259.080941738238	222.16221399714297	7.856257358965791	5.469914283966017e-07	5.923274680433588	2.205441469730308	867.6171194785541	85.384800267694
S134	21.28221886158057	43.726031583574525	140.54136207052048	117.39822470449418	40.729887145658445	6.121736757154394	391.6687438557389	16.863559540837752	0.3531012868697499	0.6435052865793565	98.07828997147766	7.770954066767474	2124.6664457085944	637.599717180993	0.15408401803512325	138.0948422514281	27.747008252386774	1.7935545561857396e-05	135.50609329920044	98.33800136960738	204.0271028669713	1.6600356177772302	3.775774233036936	0.01022915952695719	20.12060387477768	646.8815186667191	56.327986786898016	454.0416612440211	61.71547198213704	49.98129827449643	0.6026844525906814	0.035104640035873304	259.81819902112244	7.913168563359071	3292.725639006716	7.692838081802471	1.659319448473281	332.1060333041602	25.376511460271225	157.14057778064904	337.28611562210295	26.026924257829812	5.417447488938145	0.3739290185443396
S135	0.010694416105269418	253.4645309568201	171.86326978826236	107.92701059266673	0.0018036609477337215	1561.5147778038863	1.7199689695096785	1.8806475468585608	212.77176064480977	84.2177771740756	36.94221891115734	134.6931059007265	93.96042452252212	600.4217817753702	10.82128054928309	15.365946799458584	2037.8163590493677	19.839942498154745	72.97229194805449	82.6273083310745	130.87682302558565	85.01324016263625	1034.1437323737048	12.686673857929312	2.4441445137794884	65.40063530640751	2.962928114823576	646.7609790438951	183.5306140312873	101.99470405077624	62.48642197639164	15.738434413444812	2.2794777615538364	69.77131893565559	35.59500315141071	500.6889864667761	29.228237440587552	13.05854704482453	98.48695046727394	84.4478058225028	39.754541021211324	734.4980882064891	547.3172974910296	0.0015134809111250677
S136	0.012082221575186926	706.3351625672747	8.872172116508565	26.188891175585727	18.000605455605907	1.984921525243329	458.8368856653159	604.7295638639717	0.0011520457569568305	60.515999329692164	895.4276894209235	179.44725845319516	0.21065126337233137	293.2722603736234	55.412590746970324	155.14948054841275	0.08496978866123304	6.197133183173035	0.05159270547187707	110.60461545264845	0.02821412051833228	28.522729981616887	9.966314817364372	193.57673705118316	2.904158732360652	0.727557222858457	0.014021230607456393	1078.4773885204688	0.16344521458020017	744.8282865876969	1309.9655964520616	537.7608898605707	689.9806133315943	23.892512868110316	9.465168457581743	0.4891249805768453	13.353599694502	35.84478340486806	21.361585478305106	617.0024978710978	31.981746912314026	1027.799512986171	5.845614382963129	34.712221937045136
S137	647.4876295325578	482.5908804075518	1053.6771090627199	56.81526636575427	0.0019409319574478822	34.1470990890252	252.08664662905906	122.62959056714216	8.150678712223987	2.0571923403682266	10.09795905783217	0.3572182422138346	60.63277837655607	472.7220866131808	123.63499057358798	8.427458932266362	772.4253800534879	12.256327131124484	329.0380801348388	1517.2545054925363	37.30496218167689	7.159694418378187	2.4698911260495637	0.8928059092679245	140.31192649212494	25.97740775467991	97.68513196458889	393.51290555837465	0.036437818674491175	80.4725150056365	11.040446510012316	52.720105308884	1.1099735661112593	145.92029036259143	646.1659097719149	1313.1996043892216	45.542297804165166	76.89496618359401	38.6798658777875	660.0857650145815	81.64040470172472	0.055793948769794925	6.466206585417771	168.16387349978837
S138	506.5071184827477	19.132577235973333	362.98170714515464	344.56847637862774	2.520215572545223	0.2199988586253542	0.06787019872456033	119.39648138053118	31.92832804129111	4.632770580935223	1399.0720309824035	1.0489981001323287	1044.3320813944306	82.4257258201096	13.80903719777205	1895.545717519497	1.268319342905373	3.269914976118363	11.1809983025703	1211.1706340562157	0.00012072853372177537	5.219495287178827	889.6567669283817	47.856939309247025	91.52898008240423	0.03459742009728708	2.423063713304636	53.51096769779587	0.0010780528623898175	25.47556203666867	4.746013352489043	92.81941876565219	15.545213351608421	60.12570604998197	0.4137014973285303	0.0009566418484580609	57.57610668975714	455.6734700608057	46.83070658975949	670.5669693112144	2.204843221008164	1.0096694909667592	164.25868060238048	257.44197155141467
S139	85.66874027916701	47.2726315505589	101.63582623816002	101.03044706009162	146.46893160589804	49.460269727385224	30.479182745443037	1.4042396661039258e-07	75.75464237519259	14.742461026696656	2.112013148502325	194.18926018227992	83.84179191502798	35.68009995208958	29.212579842992966	464.7925009591489	1.058752583123663	0.14306665886837958	1391.2445776044058	16.406173668172197	31.313049348821796	780.2348181640838	303.32890375232563	213.68498257672343	68.55529433135149	7.151528920064734	183.9322010085836	848.5186441751237	3.101921115526871	837.3298782082915	164.1335200921944	36.56884569866078	63.364352022027106	1591.1218773848793	22.984483871240467	1.7076121273457558	62.258043957587596	9.250791235771883	34.01741788515795	2.8880981145192712	853.2541539699852	1.6732957237367103	12.04622169190119	996.386115360469
S140	687.5390915097574	1.3586854038860445	7.413402484035126	139.62527119756217	0.22123133101680578	0.11882168186918016	5.4980832878949615	2.345046539348624	13.809368596909776	2.0065502361675915	0.0003452052627447994	0.03772040023081937	278.3381411620853	0.16279935586752167	232.5068920134528	86.13170933180456	244.91554170661774	517.7802850813383	27.980111176304398	278.4490644656641	17.97940695271596	6.549671148348795	212.2862059129848	5.639665486187983	120.77738896047116	505.5168334594683	1516.9151814860998	681.3491186594664	593.7387796333886	1550.4512835259811	291.2642314286977	25.83685533499894	9.326553520030876	11.7398640905151	97.11457318253909	6.277619083881363	1.7158892449770276	102.6919759001388	0.007756393814696509	26.432850845544998	162.6523290002468	25.77290188080386	1458.0263943609086	43.69850834071323
S141	1.1890741680263	15.921206788347535	65.35851561907555	339.78874520293147	136.0479188224817	1.5887162360890008	17.22566329700353	0.176285422872681	130.2796958584859	22.52660504693525	21.599966338024284	383.43686150491396	578.0353395744929	225.44699201682909	524.9004256118468	257.4865630459537	53.82010448363312	123.58264718406528	298.33137592826677	100.91048715991298	11.559644195933187	5.660414439194262	474.20332267126247	18.555316070799943	155.57052623772978	11.770083727624662	226.12149791710118	123.33166642598827	850.4896949383631	805.0595677498815	182.65110713715669	92.79054641264841	599.3671675706212	1622.1792390316357	3.2422926054477417	10.522928681151916	160.31109718987432	0.02242513728248005	713.386405475109	36.554223490207875	0.15996921201260159	223.3249199786653	308.57623328735787	66.93652110676278
S142	0.9742003189325358	0.1982500247988293	4.511375109617027	0.10888695198256045	65.37565753538294	1636.073647749402	1381.2156479418181	0.11676306106987872	124.95080829481024	7.0882010673083835	232.20863533242192	1402.7480971948999	223.41852410136215	2.683021212562249	227.27477282522295	261.0986844804061	97.20902989816233	8.739308723138494e-05	0.37529976757625977	5.882062765054333	1294.8313476457588	0.00010000688198319875	0.4467753528978608	0.10602160975145121	2.0836580325634353	424.19011582714654	692.5158874171326	24.961818541824844	0.08759995326758682	128.44773129157858	262.1846080444843	22.84371650377998	53.2772383526826	339.003321469644	5.571971312964623	6.427299966469201	313.7780352252088	16.258793321617986	89.76021161780656	0.05714975034027299	29.42056954884147	527.5302862917879	84.19079598101015	8.513293908675248
S143	108.25606308724102	0.004849282717117027	3.661136373636236	0.18821503901595402	1153.1055401007286	225.98886431450535	248.91266028841866	6.3241607558186566	87.72582466719716	46.26124909992904	408.3668855090996	101.75337493789108	376.0950421495853	481.14246711776434	123.86036305751506	27.511077316409015	1.5328315897509361	22.25280774244494	3.501654254633109	3.485054334290083	361.0190385187406	0.0019867070329097534	2125.462207074427	51.845836212057584	277.04543883208055	137.3032299984022	269.48590953334104	283.43983873120516	15.140109994382103	438.405225573446	137.35859928390016	539.3267891693188	585.4885824053181	3.4849033108499325	13.80833848127274	28.616672049192527	236.60939610741053	217.5457811501809	250.2744564382904	230.00388648518523	0.0068359109128082515	57.56963586170436	290.9169498017708	19.910231350988514
S144	310.12279031958514	32.601310307765786	136.85680488095664	115.97831834057513	271.5648192743297	1.5733104483829068	244.31088326882428	55.32072623779746	439.8282468917454	1001.694157653376	0.6356050707108608	105.04853847623367	22.039848452858553	2.977844525492806	289.7331546283722	1711.0358960919275	24.160118378076636	0.2134016595039819	0.4129538855207925	957.0721096198162	158.82293918331197	80.87860679146621	18.783750349086397	60.22382046753173	100.16821720858283	0.4829348460220517	2.10695747794632	371.4214073393098	86.47840641940032	464.7344520341969	612.0855241341733	80.34998987686059	0.05532911893167285	15.06004920829569	46.53617557239356	0.24379182628101423	10.663573683751144	332.77472818939736	71.09610570041421	124.10191563373746	6.676297965799726e-07	0.530170103336241	5.503527465037922	1633.7167882910526
S145	1129.7352029146393	69.19758657639784	352.9158230018935	478.4202120953224	0.014605691372891192	37.84396852577063	0.27659992201084377	56.61223688383648	378.1458809649082	11.538499469496388	1.2165422820636982	39.73264082858253	54.07328146210705	708.7342422073914	64.93606391736789	1.8444163189885203	2.7134579748690206	2.447574268455955	335.463880335286	675.6206532705427	189.20637872128773	45.47696683855166	0.09115085387729042	298.1192926336351	4.030265983668151	302.26260967597034	65.40666355854451	1.319282579668046	0.17047122577492924	54.983076080333284	1.068321274414137	3.291712705791198	4.635131698113863	158.5930203707375	295.021697456797	0.6649163073600267	590.3031858140495	1.1298224107840196	138.93060161091432	3397.331949416436	33.708870153106695	11.410132723745146	0.8898118704884229	0.47129912464642487
S146	10.82664188440973	89.78563649074383	20.696094269480437	13.081648219747967	0.854507404985096	1.0059297384676285	2.0569901642975115	0.6053071491820956	7.231016772674145	0.21256696676088752	496.1985746564525	1171.6318561214662	139.0564440993313	0.10190384542346236	1406.0717383423687	489.8359729703794	230.4932529863627	795.0428790871546	385.96935991029443	10.582792554184733	917.8511181891201	9.85548142726364	349.3434809793944	316.5681318177695	19.525121259579667	7.127825725165871e-05	0.16513616143850118	56.74308843970432	0.010408334145998852	0.055606316265957065	0.012700004509851433	300.27051181140627	78.00905635808651	107.45570087538084	108.95663945816041	200.56792242342067	1153.0066984103887	22.236530566164493	0.0014405996408057725	751.9287930287098	186.36659913287684	136.013075650481	12.812312875622483	0.9032609680465732
S147	15.724381785467067	548.7560727454702	69.35551756257068	513.3294121612018	43.51152043866233	19.572383533144585	2.2668125889712054	195.99943512159916	1545.6882494885297	4.740911314381156	10.85073340582021	88.27598432104561	524.350217904673	0.15186165824581233	22.93704568744029	676.1703174569475	6.076481507446291	0.11876628538186074	0.00031671841671354785	0.08717944294785734	0.011467961573259411	2.888504805803155	445.6442801950232	3.3379239226775654	173.10814284363292	224.94554816888123	15.322851213287697	204.6471313205079	0.02389019809340302	0.0059733525233984786	506.80696539891915	832.9822848926849	851.6879364951694	0.2737179137353968	23.660434743813006	50.52441386992352	1192.4747890682636	251.2990166970694	471.89010913929354	50.905963594770206	24.817858699035025	323.7319065492602	61.000782384371824	0.04450544332362766
S148	291.5411846959176	126.79257358476308	540.8158494572482	16.067939527219675	2.296045991330159	35.280850210415885	76.18858266076782	98.35392995009313	12.85352015884828	270.90386869255093	7.04979249706748	64.18728699334842	52.08859818585386	46.023211347858584	3125.254499995949	287.07571063545265	2.307859070279187	79.8652906075375	18.288858428303932	0.9461588561754048	49.98537797757835	300.4062663132062	235.04845556610888	382.6919194323654	58.44280702355412	1081.5919088110259	29.92159032512358	1.3327896742980219	0.20571206487498295	281.72710808455776	299.6453019955813	71.0362831671709	28.51041945952477	178.12825226128564	81.67213363933213	6.603648136733417	297.51638008764377	650.6865222362883	23.609136331043143	50.64994750202689	16.67825847633905	596.3723640460753	2.6095530477107447	120.7462527935663
S149	8.985188661408584	206.06276153172143	82.969281002288	277.2874784732378	326.445176712389	630.584181638767	406.32051141013807	4.262540984184501	24.941447402107904	57.09992559076264	185.99164554151656	4.179663389369698	463.48329029180206	16.900385723099646	0.9023980560545662	1.109985340096553	160.4851279264956	66.71966173196076	0.41449028447655034	1.8756304033115199	2.4753394930761297	33.40978041613811	331.0555678725894	19.64152255521423	1482.9489126694727	425.7973120892486	368.7286945034192	2.8087009206130245	0.7906262347714347	3.374255990095821	87.5687742323364	865.6748719427301	89.07883509135524	8.522470114636667	34.3905032185487	92.84194858733325	83.68203329125502	1075.98625940003	2.677472660183379	21.424171405089965	878.1018808892213	110.3863623951818	1050.0853268361554	1.5276050961129644
S150	0.06673073252634154	593.4602061600978	717.5647890693225	381.61999616053333	0.4999870572983346	52.19232358669277	0.39407539805025227	6.442397974282004	83.6431748074285	45.83412477798934	78.39175306782747	109.182888786711	0.0009649331422987872	1036.1286864905512	52.73796484044492	3.2769329517383934	551.0253299606172	58.02947376376214	464.04686210201606	8.483399592929786	61.21194117186377	750.1677053192495	648.3832907014913	47.51743902270735	262.8426278299073	0.20930097216303142	51.54941181293905	151.49932363844536	3.942170149881291	11.427446696479429	35.21938274481904	1919.0607477016592	1245.8981938794886	0.10585989039771536	11.47486279769576	188.2816731027279	7.4283310019474165	70.86368243584829	122.08785296621386	48.275446344276446	0.0008825468179109858	13.969291549348204	31.615129904765585	73.94594360490267
S151	239.01392263761943	78.94955388768568	617.1998999041615	341.84910017948914	60.70186582063861	3.3289362096594366	7.623154039258363	8.349203848287162	572.3290190125696	38.53517122645385	196.09274652250096	728.3698802308066	434.2796547106189	88.85543930518627	113.52006752587933	189.6515003286801	16.882838503173097	1.037459977059398	301.69604784410944	1.0618532905897997	4.727206305665526	45.980812887388474	497.6311538641833	0.0036822097186973296	651.3565119625226	180.44429570273525	61.72629348136672	70.73963773053599	2149.62914699954	314.7488605762364	0.40390794990458506	0.2024236841176659	140.54337156938902	0.00010174429469503551	1.4844213670347186	0.21551776795596653	365.6220295314777	79.25583806364243	0.012398301141407806	12.110623341980743	412.7431227106526	49.16099517226595	516.55592575416	405.374406317666
S152	294.3233389743143	1097.7914144020224	85.4103670784366	1318.314645826989	0.8344576623568033	0.8227869335701649	116.39163730095294	0.12191800487334882	354.76213718775887	28.20779361657607	71.71112271133337	0.7673757452676482	1.0720762102396681	0.03479854980062218	56.59295911227591	123.5035744743174	376.8109049078453	138.50495728767706	793.7215805618976	152.20035350777246	80.87550356311053	718.0168355967912	33.08745123049944	48.504256280401286	41.299396271894885	4.288610689161815	0.021126985681418225	105.24126424213227	237.66767084901542	8.848767905029174	330.9573007232378	398.289915375607	207.67975957956145	1381.396264571338	6.61744946647313	326.5047581678151	2.5220892387346723	223.86647466503553	78.99745103805793	2.9092019464600676	8.709072963020578	81.28397770231236	0.10019739429854642	660.4150034980536
S153	110.29703720084416	4.262712973727761	13.498891048516588	0.26456064103496635	0.4772830851989641	19.509309686963732	93.96047474931045	239.44920674225344	0.02503008958582723	197.36710296012598	42.363219546243464	863.1270044931986	2.2250961229776123	340.70722391909845	1.5871271552663477	32.67161534113601	873.4885931058207	0.2673661235287387	84.22648867721013	1.469564874095316	8.408686440893739	0.001267052711887774	0.36328585691449594	0.47857670892202087	0.007756638195008687	1.4930829255526095	1642.6160534024602	1615.1784896408744	0.02920190139821276	0.1988348342346693	271.08982628989145	42.30704505918273	9.474357630320593	560.6437200193732	182.94521124078787	7.242903553614592	75.75611330240905	180.37541592883426	19.355751118983488	3.8125724876921527	844.9726606663538	0.1452751938717196	438.335566335701	1173.5234372346897
S154	5.49252153107605	237.23718146802142	0.06473697688533901	97.47151616604765	3.6253135128859935	203.4226798275512	691.6791587299606	10.96996021175947	1108.7879782375094	0.005632182563654598	11.342665081697952	288.15799089554486	289.34622548337654	272.3462624334358	287.4232640419511	280.0790221133539	91.53317334322631	8.552161694487127	9.773443604071067	58.90845790618112	62.47135746687715	15.992836246103614	0.03452072506486434	147.8939523937326	2.41039952032052	350.44750883694473	1874.3177568178521	21.598624969468112	0.7177611639788363	402.6909115764409	0.00023273935982251497	51.3462401343106	5.278526528089144	13.520331919774565	8.677391688240203	523.123385002228	4.362403598975254	199.79401959327268	55.66316377621152	82.36271334982939	454.61227570825935	1.1066638869014285	1074.7980295728612	690.5596473433187
S155	88.82689433639183	592.0392480381417	6.514726432956605	616.3075506130418	2.8634501599423632e-05	1.2809387390205538	474.22893750496996	2.8099363078280404	994.6359000928528	0.392871716456583	28.863117458904306	62.41753415545581	1.535651289677114	411.373330115695	389.70672443250317	0.00885308084482874	3.3349421963208843	171.3238554587579	353.97514981682406	391.9190245205839	197.31315218480458	118.33216884826088	167.29734491952118	2.603075636608078	5.937743590783981	1.0536307260415481e-08	25.515087215937132	28.705072923110787	37.68112482746675	24.130856103990364	1250.879224468916	1028.1575528380922	94.52605911168351	225.34153017605482	248.39994592815466	22.4495163140431	226.95205698839163	17.940534334279295	833.6185490382765	157.7335271557562	5.4826170138458075	140.06909758711845	547.6821128553381	1.7568349873012294
S156	1.9746150470331583	0.0019979456712067817	287.94707542642425	331.845875089035	0.03390882337848397	5.051191567804542	0.052350269200396156	119.33235885849297	82.6901228940896	0.00826660859426945	221.67485232297688	237.27407755215924	32.006892991805344	5.099916326743682	0.00029075720416190846	163.37516276223968	28.45312517426696	127.2577044090507	32.917079079962114	691.8836213592319	0.9239834174679568	559.9601219037752	7.341044987642317e-06	2.636538214018297	195.03024931958703	0.016167857791506448	484.19279660240113	445.35136578857976	702.8034857367485	0.0004048622779169812	1270.9286862666454	5.385321537847183	55.748302817829604	1.2575365314173244	11.594540798356514	964.968312839	24.600753879231338	84.97236921859735	493.79290870281085	1116.149674113126	254.6452439606468	15.4959362319401	273.8459370288347	666.8188697646602
S157	204.52526450371417	1.2930445064625082	61.61488158751014	15.987037178557795	4.210746591359919	1141.2531546799667	564.5340357565022	138.07438303878982	123.98081870829569	555.0268456784955	76.0414640082526	51.505818540033225	55.46094393657586	44.57181410015885	104.790241505238	2.95771955039515	573.2467405295915	192.52588253133942	1.8827956866850466	25.121416815338236	433.8247458701974	756.2217521372378	260.26106834194513	0.043459224606529206	253.8042849961917	131.441028969022	137.3377951711799	236.89595504236095	519.2202010752004	19.76286038829807	68.58198617217136	96.69386205484014	30.252856814851945	0.05289512469438337	1712.1959343427843	24.110759424710515	177.15661173587478	297.5306040484349	59.881642729403644	11.528028304663307	726.2239265849421	54.42429226434292	0.049583354948985636	53.89881639383798
S158	4.1645523521734304e-05	28.116049124206658	101.53488449362254	418.2038026447809	96.84835072044312	0.24278144362913875	1008.9340906654661	9.583505693921682	12.350158609993722	101.44093983111524	43.82975822775747	0.03406669495175947	313.19651273294613	188.071164994249	0.00256718010291772	76.36121020952456	0.4041661404037807	24.418814750055162	1094.732485077449	1110.6937735964955	96.71906037297781	419.4213222394348	10.038920976609253	89.43360402446498	1.604703037167372	713.0848287558707	739.9879155354464	2.0942145588704357	62.876844365922004	410.8806894401905	1476.7438168712617	4.244228448993068	0.5328217580465083	4.3480168752518855	0.540452861815757	201.19786368774328	258.9881190813485	0.5919424700838857	0.8982338733630851	314.5330644455216	22.69967227045174	144.05751016149733	9.715008426251455	385.76802098478163
S159	168.7902901888448	89.82936378540917	7.729116528220665	520.503121270532	80.97793600112908	35.92228956653365	326.47372408190296	46.72598487810136	116.1415197299379	576.6747868026334	35.994338914900005	2237.492305032627	394.2760985547653	45.817520402952944	652.6129187282205	5.902253801958426	334.17934620627227	2.6209425845613756	0.003175359210325577	271.36582189943533	213.40088822996847	27.5401253211835	5.576282347908067	11.114200334891903	56.30904473766238	180.55858398406014	121.06265434806465	2.7379237630324007	749.0420442191438	11.616847880701988	779.6153305693648	4.53494370771508e-06	252.85383256983718	931.2331215519742	4.660547370393139	1.8999642104205827	9.283794418337378	448.0243830670622	124.71920407471129	10.821242324754362	3.4006525009858124	104.0965075424713	0.12373347999306815	0.2762322999789864
S160	1.931156504121347e-09	0.0019900668030216682	32.383406484380984	45.95858197390368	1338.2244432316468	82.78761809695303	42.79703702795867	394.6986754589854	1347.2164778315548	99.3312786831635	10.377725411764946	26.26097658009503	46.69807496558964	1273.8620461641515	78.41338015503906	0.3846093228095587	70.52390226425355	20.016893753641146	1164.4955766630626	246.62730806619538	0.7533503509535293	0.5588405672221057	1.2495391238272555	208.0719425364331	131.5489243113501	35.28398315589864	6.7999619355718615	1260.1511243362102	0.011293745504963084	0.43047765591445697	9.817369674504473	223.7820132463219	9.524076268805034	26.752883379025544	494.8548242220941	4.48057889227786	2.013158599798598	33.6915401869069	1.1188431610887544	91.52663118178322	146.401715098161	59.89065156361693	1.4031520488411058	928.8231225540057
S161	0.7101779854650792	191.54548457761297	37.45501806028924	325.60029066135144	0.11018243920503334	0.13225209292696674	499.0265273150787	0.2572389626218731	17.697455873806646	10.986604713559665	355.76021591974177	71.37468906838487	529.970315381409	1124.1305405651071	1793.757710726945	160.12105396455325	23.24293587495707	0.03372002207888102	340.31258036536786	1.7936937636211145	3.1189607043186123	2.139195101246644	7.5561406407573255	732.7873956576889	0.004002620822088597	0.26636846062533376	171.16591593828807	521.437284186483	880.5686878814383	23.891686796425994	240.64574504814044	75.10793857074879	2.6214320300706158	0.1656620425039443	0.011914357724449804	21.154398079282128	393.23558452809897	288.1919476221734	107.72032817094808	0.01749511999214879	752.190673726382	13.89335868117059	278.06519782888506	0.023997871698611156
S162	14.712994175083526	7.441075031300952	2.716988841302197	1004.4243839044739	3.1344168164603867	992.1864287940405	409.57407218324664	7.2455565123585375	372.3698786353927	625.1014286990358	5.214258394546945	0.0004770130305270113	1.2348983654773371	15.377414012735322	0.012675835856682154	615.9418791331419	22.845881207428747	6.316108163009831	39.17227170451198	6.935004986538397	5.170662574787976	58.377635225985344	16.214170553385745	1.1469279434023623	257.1094142282923	87.79970985310159	97.82843065442778	161.98294742204425	82.32127557752524	25.019295494632072	591.918481969153	999.993465303543	190.41528713535325	49.26873107865335	1.9625999818276538	153.97487500415704	639.152838939089	72.95803163984144	236.4891923966798	118.96659032782111	1665.200635103425	97.17248133017162	237.59821914612525	8.707602211127795e-06
S163	95.34577961745637	0.02630240926072465	36.514735296481454	4.429439596915793	76.95286440240031	0.5379325778345511	457.14669029344014	256.7567571482421	8.577271897258097	62.45483175067716	678.3089399123679	326.25664900358527	33.62461438803725	138.93322313200193	0.5243314602499324	0.012202605480183863	27.61335283812753	1160.5503252974688	125.53050591267531	339.20259315817776	173.4850245361412	565.4627819700588	26.119405459198727	28.298225813623464	0.7381918430493803	0.04765098646223094	0.14152085998302916	0.3022132237028539	10.296891485931548	2217.9019176850234	738.7977607040938	9.936757805359083	118.12042816356815	7.497886008134871	337.73457556679995	129.2831148073502	193.44839765245072	12.144040325670353	241.7527272406738	762.7173574899087	79.19170762332395	68.11066791628507	381.02727827760907	68.14413385745961
S164	0.0226666967039295	29.170159896873383	16.90854018456715	384.1661339668591	1057.2527863768385	11.007852273903172	396.4644307330118	5.123506406909808	65.26434593666853	624.0817278940477	755.2890793222494	241.58342241842035	747.9397836348219	3.2330858113544774	38.217079306313934	44.54661922452201	655.627992362117	53.995289937357	299.51219350945377	19.871207425789144	94.22469057629472	105.0596704324632	11.652289017501074	6.420002514329984	81.70509173634294	120.18361605120077	35.25354253904172	53.0726067920079	40.64948532996149	0.029683240508217475	460.85709417099116	99.6850985092672	93.16822501975633	477.407581971755	43.82873214281643	0.9144469823843306	12.993614941622983	166.4337302981678	987.9819375031192	136.1210192413826	288.0343764792083	4.442663381404803	1048.576854103404	182.02604370628595
S165	71.55586663607271	17.46276785903483	0.8371510037611288	2965.681621631254	572.1378367933642	17.260616388908357	0.025033050604517715	1.1402426697517904	0.1869232468974787	1.3711089110301011	245.11103035012772	239.1569822780032	0.45027543427376976	52.00969032305836	73.13671831116724	13.646153542288202	95.38280140656869	31.76282652518104	19.839212310566467	0.30589972328386406	0.03755099375027449	0.001657000709099472	47.148247687250894	1036.340681033064	2.743224823041408	1643.8414922158527	204.43697121913252	29.491973552388757	1091.267636416426	357.93995180729536	4.157099606735683	2.2605305916402796	12.045902809985678	399.88841111925564	2.447354300579662	0.011045954090444251	16.472270372259253	412.5326652457442	8.068951183732034	5.968122805598986	73.9322598350251	39.18543043205862	30.621899649326302	160.69791094985908
S166	18.211504320526334	38.89918443572711	230.65155622708863	0.016979885298079284	4.557557330442411	64.87362413374572	9.624644037427855	1029.2262953861282	2568.2017431823815	1267.2646460156977	4.86778197867763	341.00123181395924	4.047178340628917	416.20513751270414	253.63883621888547	31.108022335561024	141.54038717455168	3.534300594911609e-07	427.9396469690269	31.21269693393102	0.2394575181817861	0.00019718374973385773	118.82906179395445	0.08182392656863027	32.53031426032228	36.37177690409205	830.9013999716335	0.0013245860647566664	263.7924450573209	184.64339753428527	56.98706336126789	0.33196807201105044	2.152372898981577	129.93684198558952	0.1780358435183483	127.69428624163359	939.9788750387348	0.02527936885834832	10.86214237061489	56.868475918122435	80.9664442061729	0.03644912242618242	178.27948228164408	65.22242996842878
S167	696.8713938701351	6.435378683586973	73.80604919068645	17.521929659417385	241.61192330061974	113.03247729352618	2138.3179060847406	267.246710753544	200.72725488751695	7.029530312881684	87.03400157890513	9.638266577622751	50.91671322189397	12.440705689405164	411.0473912799411	13.884462580834615	227.49291019146247	213.74533700318037	34.45514559989249	1.587077387321441	0.2799060743276211	469.7396654280603	898.4531697218574	539.7833536744678	0.0021549856388814806	0.13450567088207763	205.60928852860232	7.097342823779896	0.021614602362210644	2.0610661874873046	5.24479947203361	66.74756739930035	268.4356804144443	21.439734096352836	11.617745758882565	436.95125655502363	0.18424718497010112	43.81661362116683	28.35248723181809	0.015769804571973915	30.92531914052049	2103.703012251883	0.007038843857881163	34.53409538059042
S168	0.3679226507783105	23.582754971336133	15.156126305709488	16.191999086884966	170.47441473121984	7.422064443530036	152.65496987668672	5.205636048510296	802.9584469629085	183.00330843048764	756.0183021015428	76.24335894151916	2.7629363297064886	573.8565527633052	122.63037329363867	56.36029221020107	0.5332024605651606	343.0103893892316	18.88605985355567	44.599933069677725	191.43046592162648	171.62776230248824	0.004728504868052164	358.7987228522225	209.91237411894227	81.80507113628595	1.938659587483142	1.7722198973420662	1693.903597997224	197.5781490017483	501.47093806078885	8.905400215213016e-10	337.0723302313474	993.1715925053655	101.52430713025787	20.58804242829852	927.6776735137114	0.4881014774593798	310.519003672863	0.0355675927487005	264.93225046564123	226.65425823740966	33.1069522995656	2.0681871424250775
S169	0.028722321120875964	39.872134686077835	242.6996027548191	3.3227117611779495	228.43208231016268	48.53832214089691	283.06153111227536	5.989725490855546	184.71005798029412	4.790504913553903	29.24809461002572	7.717873540362839	156.4897661421983	3.426419970387885	0.04405315863108059	164.4464180006464	57.09628057582652	88.95684412329385	94.26406537251604	151.170590116995	1.6280661429844643	92.60426731885768	45.63734037588209	619.0501918432693	29.90373414013981	236.91847156217122	703.4107565598486	98.51956994924063	1951.8240526938541	1.4503460235090773	0.008883965307101569	45.60069416921895	858.2199227601936	6.024219915479398	842.3123981889237	7.421608452977852	212.52118533113867	334.2385462726797	170.4020631268788	197.93817746019428	202.01661056138943	0.007406834246769757	1547.7755278910035	0.2601573784931407
S170	8.60874050434277	12.006152350806978	90.55907057804227	227.50744787732975	320.56931094773506	321.5998767120969	192.73007167686774	503.03667560700103	1.1964089019175475	941.1007502563051	129.18994980308452	256.6889899560601	65.0686343867273	1536.3079930071708	7.9417634035424065	12.08358650893481	14.464701264887665	139.92579457962435	249.07460538316158	0.007276522646736499	334.5354288410794	7.244693033279576	532.7694242813761	68.26840457230654	441.06041450674593	76.03460565426167	335.6213075070602	4.294708143080045	471.00149255650933	345.18657049668803	374.78630301169	2.862413795114478	191.50742630674534	40.30600502987203	77.22029079094284	0.06560202649789501	2.141096869764418	364.3561190277278	81.3141482819692	282.87641678513734	519.9394676093327	162.17854304248422	93.09515787675772	161.6661597252897
S171	39.05513093170666	30.907911976868785	0.12054815743390339	69.02583787606432	24.620986101179582	654.0253780797889	2131.328899815047	19.05353468414433	1.1160568331580378	0.02443495011352863	93.11904120364544	449.2878502970994	679.0928765468042	46.499594573141216	201.5991712014862	844.2284580017655	18.328330952513916	82.70858878854862	3.758370907540879	3.6126822804767498	0.4166318228884803	113.18832059109454	126.25070997667422	0.012455412264216252	847.723366727653	438.994585781848	157.7616093170742	390.5552806499608	17.540493513917422	774.3224299776729	218.88712400812193	226.78748900478877	445.9950729286542	49.012086093125994	9.031791749242565	28.412902387494324	407.49156807871213	4.218515202206867	190.5206224150965	0.0007375848570216222	82.24945713007071	0.248333989142558	5.180218062615211	73.68451343629835
S172	196.03869147149777	66.12955373618362	1662.5200258728435	5.3690546718113215	100.37306630383662	4.66157768876437e-05	160.76672686675101	0.06900248122277108	850.2969244174546	7.935026319187563	35.898942608097656	144.67893873460147	17.66057444587367	557.4447757767028	1102.371014640242	927.8986945773071	0.012002849886104061	36.3097122120367	1201.3719591271738	186.69074509518222	29.888601160644182	1.326905889916789	0.052110426066513164	106.18213664432623	1.2449274327674857	1.320762197118929	4.905353402017749	458.0797589273284	18.013616988892046	1.9154061790753636	438.6541889215426	0.10860606127666116	119.1580721439446	1.2181637762659565	517.4163416055616	98.48474414895517	192.15390470400536	319.94928305127553	63.94217439320666	196.1485030902849	8.824586948489415	155.17601245705268	1.2866478987130425	4.713712727603357
S173	0.30183921665509983	325.6444527467302	1441.7638533834358	11.513926318674788	663.2354261830899	0.09544901567715677	25.70918559979215	82.74506082455993	372.33148438018947	657.914184241137	687.6121699919055	42.32918297054939	1050.261777781038	991.3434972103496	10.857748921394608	14.731844095747624	208.81856205707092	10.12775597212351	322.2728235747687	492.8030239687599	166.6961885763643	73.01758046108728	17.941900226883014	58.66557900446662	0.363647480479244	69.97677170755324	3.953460248588688	0.1770228285786605	101.99400841317784	77.77310500985809	3.2936495939510126	53.14962426649346	4.52782153979357	692.8472706824583	371.16002839824716	88.02205644798092	255.5888597392683	20.750728116050684	131.09282219026392	101.68419883464408	1.0200594028339183	244.68360454143254	48.86764406547418	0.3391197704210733
S174	90.57493599371077	298.7779679851528	71.28049210267012	0.19167222381856158	469.88256965290583	229.1915113356424	15.374433721401255	378.12912139732396	129.31755793040296	0.11456528555911019	206.20264550032334	210.41334781786315	227.83233693287522	34.85674020686454	142.1808794660885	0.15114609967573925	78.02673163771442	3.894839051725689	1.61289784162	53.07537293868449	1.005699868617137	30.472208845924854	259.7006097792898	118.39434490075497	3298.7351528168806	87.77071280454135	311.6743934111717	180.9729232815312	106.22728635606329	428.72307906623234	212.9959346351744	21.874022622237735	61.30157454116679	284.9889054199954	378.36592035802056	178.53955863761416	80.40105963403694	101.91969509977719	644.5717340605231	154.52160514393762	380.777193561627	34.98460658752785	7.092943400920905e-06	6.352386815639034e-06
S175	49.31466737485446	354.65591750661775	2929.8377830538907	64.6433809393064	5.663840237425786	43.278815844136005	5.0219702468940104e-08	3.2614441611078804	26.322586312799583	1.4796487516081032	0.43865581937064196	0.3684430597788047	128.07189385261293	46.6554554212605	0.3718463621432574	92.85776599052068	316.8500971962973	252.55535936582467	1.0090261002601129	167.40757587083738	0.007731608854004417	1200.7948199355726	129.35981902031162	140.75795910127883	298.27865248999325	372.83169140410513	5.129882098317166	384.2451983018361	0.17960248278532495	17.62506724846758	87.73122693660002	0.00016976181889042337	500.93115823197326	2.8353317151321122	49.737407871093666	127.34380672539784	0.0029666896154566186	469.8977502278881	352.0889667630713	335.87122729532433	926.0541621872557	14.109938320171967	18.914166215007427	80.22709409725358
S176	117.63349053255281	9.733999708572405	112.13772775470477	0.8943921456394774	40.391187997465266	44.84178756136915	23.85062238963166	211.54019670702252	339.91225750862804	69.49861466361395	9.189565973482106	148.47793743826546	898.2972996470226	187.32458572877877	62.760642156127176	0.09651666485692252	2.7417668080864246	1.6052634724512785e-07	169.7456345859038	463.0167351066765	107.6122590476223	100.20865647521819	1099.5522619916	103.95727056338674	138.88686259023558	487.69261070047423	365.2662967060815	2.7741173951936093	4.8203466375070505	7.729439311096508e-05	4.7578973004608995	364.03346977713727	505.7729305047376	68.23841384430992	65.92857774327167	473.43006163059795	12.649987534539555	14.627030172880326	547.2843373436282	152.4160330980974	1356.074282991754	513.679718656964	354.44598494662307	243.80555381435985
S177	4.843319093053987	6.780991908983828e-05	12.163054943609296	32.01362743584243	328.2494543291847	6.342875654841727	29.425179379260843	200.1780315040209	447.0978782148782	387.7978430286809	882.554843400674	48.96752614976546	38.49347570034263	2.210092415040457	301.71173749435906	0.11166001974982794	435.4598536481562	16.038066708356947	0.6280654423813948	8.801931511682675	2.2806718106916173	0.18527941314921476	117.40814957573575	120.85065410688172	1350.320351203769	16.714990676120145	1.6533763530660661	1376.8424226955904	0.22898624342505997	48.23445086462979	62.426713464324415	120.63282260840164	1035.661804734779	7.217925426597696	1.3730095551071602	22.053743896139085	21.445625591189714	1875.4805441864025	0.10681257065143204	1.5834277497352742	75.56260708669699	445.0938128612918	81.28688019309796	32.26635324872525
S178	91.96650285595784	440.68694236235444	38.16987377512093	385.86869046768857	736.9760681060797	6.402233999253523	45.906243963977374	45.7535496461443	4.591656340225003	727.2575205586888	101.86271717383542	54.59444462054566	1.5230852891759543	0.7562246612706834	0.09545375331313073	139.4200119445442	196.3182117985512	840.3357161578007	77.33306569234811	27.153951583453644	1.9197306002810604	180.00591141028247	504.10449867009993	121.81248181717201	42.26631419736541	820.0181766860044	0.7268429622987822	1051.469607383647	59.456045546751646	77.73454870993795	38.630558710990016	263.5567477893327	404.99519672669663	27.524639407665017	23.665893912696394	731.8614469300594	16.84016622189892	154.5152232657834	120.42332754633689	186.6938203499978	133.76436264204358	250.53532498233366	784.9025434652701	39.60442531472405
S179	0.0055351755601310395	0.10564860079346586	85.79916785534893	0.4778841631912181	19.43787151651905	206.57438502035217	29.121410041293917	11.082125923256385	6.333966235399953	401.75814849190186	2.9661114782850238	572.3492234564227	20.725613548525402	0.8193770234727595	0.0014974687151647072	0.15160368750231173	48.24936379044126	0.028501643587097572	347.6643644674092	281.2209978757103	48.84607839629133	0.0098054598970128	1720.9361701723203	76.47479373704785	198.91169876650136	187.94949913389146	329.3456553345834	65.3518280471069	62.49222474509851	0.0009433915906095676	78.7888765478067	12.137784701176866	24.704750535158066	2015.5238234383673	0.17767857912868437	25.33522650417335	15.9272744497159	130.1441731768399	3.5355226194713203	0.07838970591492643	0.1979236177730604	80.02871118231828	2799.540510046324	88.68786024781436
S180	134.95773763700745	0.002156657745932218	190.21938794572495	260.30059558520344	128.55796975457667	214.52344779226226	2.5700126875476155	381.364150288725	18.18362024359743	1447.2916748917162	0.12318354912428975	1.202220589977694	282.0171383777741	49.630544318122105	67.19997086149371	1136.3847828590644	1.7846899252318897	1004.6763353731827	19.753278045427816	34.90683744509929	11.063179515720476	1368.7210171558525	4.600808013664648	463.7050837103317	3.0800886408273005	160.0307234918029	107.24845748546629	4.102261637484832	306.68123764916277	341.1273984635662	31.85289594988683	323.18888086258784	39.05143355793666	1.2611046397746668	456.0213329735318	195.22825073069836	0.9903126706080785	425.3801846408387	1.0479133757263217	280.53586282699405	37.1919451417561	3.409550982878421	0.002809254723106605	58.82753179957627
S181	182.21325079108175	8.82310318420431	1808.5779825753077	18.114543285886224	0.1164465668080069	4.666810689229394	0.38759546159081626	5.103788815362179	622.7085739730786	25.364329395708026	697.7334427877621	39.61213957015792	12.689608265951945	1789.2361830682808	6.9551593972559225	1329.975967736101	3.0790145167817227	8.696251337350619	524.6416757091239	0.06150696819856761	46.9201755103626	412.7092530567654	332.84758622428836	156.40822674169434	0.4211511181643065	3.5705991304297138	18.780709314551725	4.537615939294754	0.00012191795816279754	34.12907027418047	0.033477586380571495	278.2651604778584	46.90084864522568	18.336789177194447	220.71406274358472	112.77509376576995	0.1882749853742134	79.07311415151224	28.654627791437786	1043.6945625611247	9.533495138829817	0.13562046877532372	62.5946132114291	0.018375972592761306
S182	1636.7694607141436	272.79195388401257	6.3622874908149125	71.71331850394229	12.56011638850329	67.10467541686046	2.986592800550837	16.834155459883736	355.847175451241	24.124389723136375	1367.4475539400921	1.3276646422404785	0.4176913304463529	84.89735442076625	0.05469659586337885	872.4993719936311	63.990568385004956	34.64315567024202	123.79548016294996	2.0311861412253105	147.52389757209505	0.4373817427784902	27.954173004375754	9.670549271443505	0.048414605748567666	111.54070008048696	27.320007726177607	1.9505930127444542	34.84124060002607	308.2193469636598	519.9409862614848	188.6226250065123	2034.6263489709143	177.33600086976608	154.2494907532269	34.46827549490243	38.33213884495389	45.37450358063445	318.44130773061295	0.09689640745883404	735.4675548736145	17.782412399708008	0.14645161477121627	47.4098534963526
S183	116.44104165625625	626.6526707907976	54.73686705597145	0.03556314052486728	0.0979571775406926	116.44186231001862	116.75376488727139	58.602938001925004	69.57579452565018	336.62239000668495	65.55417183423891	15.81475521330002	0.0014818699407745397	318.7110740285579	378.185436837435	267.70451391823195	212.4807222104006	74.71922715164288	813.1722564977008	25.56524072102753	147.32571381462236	232.8805883715782	550.3623997211591	4.872744281876868	107.1377174917562	22.639256301521858	76.88729611190155	299.36326161238185	266.34456389989174	65.20915590406328	629.3900112110954	95.38543561218056	503.37172448207485	71.25672528028463	333.99028176186755	122.32076628759926	636.2323451611808	658.2760612328465	0.00832134115722509	1.5563844808618907	549.4794417033482	1.0496315730011796	908.6826733217841	48.10776920484925
S184	0.2140630135288995	742.3052442307526	148.14126962014888	4.321971349365069	209.96784413773062	559.4422774949505	740.2209471959573	0.09134781758492883	167.8054894020288	0.0612218140334093	21.552931695299225	246.45714281842388	539.6944171942982	37.5837274816821	32.847798699327974	2726.2822814264973	0.9294065681809976	118.33086903866511	0.012999757516567248	12.007575476449336	0.1675643235722886	1.1941218574966184	35.01265011450232	0.5956960367576074	48.1720599049125	0.03199795840946042	8.458125403072321	50.57754562756319	302.8842865241478	758.9372781128696	371.4830904349765	30.834320453388546	252.45013487229778	70.01715065091796	84.85114761727272	45.36576492460539	31.249660100057344	773.7996100252931	6.371455161939518	24.61630677346063	306.8020040130548	0.04932173915639629	298.7949020905874	189.01297904726079
S185	419.04105470281365	71.32634355005321	25.825307995283765	24.987365088107097	307.97473137224836	651.3877317570158	325.64947030871946	5.707164722098344	344.11132636190706	3.7467836294899164	1084.6860450042284	16.023805349776307	291.94819614996203	1045.038586421156	0.021462562260788028	17.978138896003387	0.13327664431114658	2.829213794804683	41.61390250243751	8.120953107746228	183.89682034486341	504.80106058235987	307.71475895453864	1175.9208396586569	0.03587126684088638	180.8919470090343	159.16274991653114	17.269216425303917	0.06899605981792295	335.97175534853613	0.5282192270744445	41.640310514905984	742.2277160169655	3.308152453513259	419.44925440433065	552.6624814628408	4.80224863793754	435.19592699362204	0.6304354424350337	20.99064173350409	1.985695366954922	203.7714010415109	0.0028204030415578604	18.919820814456898
S186	0.3850921083987929	0.7409388059040183	2.4768690197980803	231.03376570407323	552.9792960295291	1.3881835087581265	371.8585693420051	44.079949568119794	0.19419675715465856	117.82768568523215	216.48479310990837	0.2815223356629455	1.758394037729659	186.0593626511215	247.14568997191623	1.5308052082543773	0.02412648491714193	1851.7820097032195	0.26131639359140857	664.4169938679722	0.03216139410966411	544.07440091463	1210.3949081517865	32.25782684096965	566.4347718367039	0.07070970679601882	1.4881556763027195	2.407720506544473	48.26897250314052	88.89173571829006	75.11725449255863	29.861102049094416	69.41966085985023	1417.9807795473114	0.0574371456613438	7.201241227692744	402.05908999788113	9.407855222309973	157.13420675423063	0.4649234304647301	400.53631714101414	29.984361527351403	37.283407926154446	376.4614391358805
S187	27.699589342747956	131.469354541463	371.65046898205713	68.98376408497501	264.4896011881492	8.302404530651357	296.83121679605483	0.06731512316975313	1.0670079540764146	1.3658028164012923	0.00027845911008426896	22.100174198401877	15.509727510754088	1204.7079081254392	17.36240049193208	158.01341234174012	148.6565885889272	3.5255751055156446	425.78427828075485	170.21404851161557	0.05191253353919497	1676.9654663659226	26.321820211143656	244.75231087386226	1.6605054605222704	4.580250423458062	0.4931604032231083	25.654743968990783	344.7613852520824	0.04349875979434639	634.3331880704968	19.518660404377687	62.14919084829479	1366.3603537718452	552.1262130081516	4.143627525148246	213.52941406590836	120.6528850518609	4.340197637989805	121.39806867590376	25.54026408186322	1188.4749137603567	1.3891137083569675e-07	24.347051732416293
S188	76.30289104369322	62.020342215308666	26.32606041622287	4.3896479831836555	2.243073214806048	913.574559304242	7.457885964180098	85.66792670489495	1.1362198909003203	40.3565101142428	39.918534285324746	119.11017511051749	67.42987756718209	1244.2173520677916	160.775847683562	203.56152160255795	49.17798061298297	999.8094040158192	135.05883668522557	3.855789849339609	477.6386274462155	1003.0894671335051	112.25659601282698	118.63735546818172	1.1902904680364286	297.7676419290038	384.22590483506707	226.622311893873	144.38303440007914	0.3274431748690801	142.25314761552352	1189.0241354223242	638.8052020688259	354.58888574947537	8.285840607545275	0.15842264329175568	80.88551200219065	22.390111253752004	7.850538566175866	120.28807230347313	0.033017433927044745	77.96306764542236	346.5461628735206	2.3987747209186883
S189	13.097065747478881	362.13227710060926	77.08802922799312	20.465831704359186	60.424986082517165	592.3766406443298	733.2569323624994	81.21393754562932	26.485371816571153	0.5184394582726423	218.78620538179416	362.7300607313575	0.6114723782569991	1.0876283711546346	306.51434605813483	188.8612283325587	1.40639155501542	1.0381494217813736	1.7534084774785006	230.30455998251998	0.9961172716885514	17.606342018889208	0.5595392557641697	325.84032136294195	262.2982229840998	1.6590005471509346	27.4901720745863	288.3488441654106	0.06144267931945173	238.02694843298167	20.303840300678022	0.39439683325491814	18.550226178196315	507.7568262858891	1215.8422029782653	1103.6651840323411	146.62874901643175	350.59859680075465	75.04946847413312	30.408990221170285	149.50907513295743	50.498108348667074	1887.2447534031305	0.5096688209846689
S190	1282.0839915603435	475.2863180246611	138.54465421127117	6.291794294902448	78.11597164456316	228.2314255577	268.9498734929094	33.82233687716959	234.78039532034057	3.4635720057489907	0.5499449781544982	9.735277143328267	839.859868767501	177.6897108208277	247.7574821665286	66.84962714795455	1.4979711464922991	17.631344966589246	0.3394967557308119	71.58967674216542	1268.357530821812	10.992609472194616	26.86056164638104	2.244977354021127	1012.913878613177	104.03569467249503	1.1379004415400689	0.2589327665317818	29.345918539277413	50.51556609511417	104.5374735031635	28.641401501782983	292.95046632128765	4.11085735395912	12.235266567054532	8.980727235666851	0.012071672863320839	10.459432702488957	1036.437622019851	224.7003562422433	1044.1281856757018	0.07325194513623588	3.700606166354924	539.2979770450172
S191	3146.1645615786388	0.00017177391908433767	0.006697470707700667	4.707499100876149	530.5575068930771	148.40179959719086	73.97919677715775	53.631926264796384	973.38032121922	75.64002687673963	189.25743173825126	0.0036441708328482517	7.115703101466624e-06	1.9736925193716024	0.03574162778141459	12.727409384064472	328.515008304545	5.063164220505453	126.061027236227	0.0010574965204073244	45.06666808081635	709.9323862057857	156.32305325832928	227.7267081516868	131.9288021009905	290.3212826512306	15.383706745406752	3.897973054909652	398.17234755478796	61.41989801798359	0.342785399667358	723.1391313384046	1.1708798703601218	131.92504047799028	271.70999432993113	0.5493926718541231	218.39330825884215	651.6845421283323	80.07264312844204	43.79355068629461	7.669307853725125	0.050472356813077324	151.66027530874436	7.55795900254108
S192	7.587635598437344	4.521442348600678	1435.6449676032287	44.11018641013062	180.40393599667206	206.77109288849795	595.4553573992249	663.3229453198334	9.191395313729183	85.54313724294629	0.0146731583695294	1299.0415493476394	1182.581983829813	618.6526940829921	154.8133458664854	298.1516590899078	0.9188250552571094	27.416503515526014	1.4889308023084442	14.06913855921351	8.913106828261117	0.05175637382492122	5.333203473893425	0.24353050992285905	0.0023085532872973197	653.3745656767082	0.3609340935179937	11.624206510342644	1.4772885833587737e-05	141.56680242955414	435.8083066894309	20.0058831486284	12.778879543057778	64.71407183576895	12.03249737259125	153.33865388205336	0.4716105042519075	21.18451878297837	918.2906521065684	0.00043521332197093103	391.15453109999703	71.6288271124694	51.528653373518125	195.89065068435042
S193	37.77329153719798	114.90160615636495	11.872486908323278	443.78551723269385	0.00861753767797012	62.06524908318234	118.52380647149631	7.57037729568013	404.0255595488318	0.014990714017412157	61.64779201683649	75.26229812242356	0.08459207687125271	196.0954872563588	1270.7752351059214	13.268361716504009	71.50875127338522	51.41188389128445	62.31016028332078	0.003583513385629966	150.2197711045331	120.06085835862429	339.742002789765	39.02294266074249	276.3832901851494	976.181457693263	1.11458640422563	301.9403539618223	938.6544507948959	71.86741567965267	1298.5893583063664	867.10870025479	8.60686109214709	50.472571994790684	50.41445958462193	0.1322313075768997	494.8746109801879	414.70612319838096	1.5258113824344546	482.4559738751314	46.80194061926516	0.0004870287144252136	0.00019707583545606984	66.21389592532245
S194	0.41046740898459955	129.11854536877533	22.32711223467241	3.8872308135227085	0.8468964853822928	1201.5561859399606	1134.6871811084775	18.67560611933323	241.10108975694544	243.6226104597487	2.543466407235767	78.90911264244986	3.7130646981493403	38.99866752937362	1.3350616945537024	2322.4738613750274	68.29855369972594	0.6148725377882015	164.90285621206903	833.535244401654	0.03205432235745148	0.09196246438989963	39.54877615760688	1.962066689830843	21.13312927491895	45.85757575276889	0.3482486799690025	79.6054193875797	4.608991735547354	1093.3445255697563	0.4318565008744459	381.9047446731399	0.012665959939830926	1.0432523019579931	123.09224512733091	193.82375296899963	0.4635067860403752	1094.7451029010406	137.83871652546947	57.62486157338948	76.66218617584427	98.23688687528555	25.50416489013092	10.525619812002843
S195	86.34376605604004	1.1616708442368517	5.740605681355648	380.0349100475338	923.9796068636516	5.2515259149169005	23.803117820813636	11.624737803145257	8.306863596901508	758.893777571419	1863.4787330528918	170.56223935024684	0.6095065521959279	9.76671737436027	1.7551070590045625	70.0622473591027	0.39107606723171173	10.582623472844565	0.6615009161317537	139.18485763234963	320.3478160060449	0.0017057203208553282	0.08111124357353448	222.9010857507668	4.972645021660805	2.1758606881128224	199.1901167638094	380.5490983729001	693.086889729244	820.9942728944033	341.480241157977	2.406701054674017	197.1371084378923	78.68076686801135	171.35576641200413	1.90281975818595	78.96196162150898	0.0018775585410862514	495.92079750951973	36.22623550854901	1305.629478674343	34.303737067165535	0.008882288319284549	139.4878328560966
S196	43.55222199596447	358.1956064064176	2.1649939474016495	166.38467903430887	7.216372285557903	42.34787536772863	1.25244584991909	14.110637396067238	10.595688627038347	144.9685674235551	49.00556176603792	535.9574563119683	52.665028865565894	3604.568847613885	320.8497851981018	898.494696693304	218.4536558372576	9.341397624256926	0.6991377963948712	320.8650699057719	0.7647065804033591	20.231564796379235	1.2149368182503848	538.0925359246783	0.004460751604130218	102.30759777106145	39.99166530965078	0.012432015666862247	19.15960333847683	577.5872862406167	0.01366729874114873	22.5644461211078	75.85315289121003	135.7788710496492	92.06689369628558	365.47200934852987	156.83729760132735	220.65646270453908	40.86765758362374	10.310357330142875	174.98936816608992	151.73080261731653	8.706409208335058	443.09608888981154
S197	427.756793600645	4.516413255778159	28.31379514039702	2.235662647768355e-05	2834.4082693579744	59.43101030487542	4.822486090080368	0.0004392961124913186	0.12842176553048235	0.21379839465124773	121.80553433855894	202.41374999128223	74.4312806354567	111.957479656975	494.64698822896486	368.08548432193976	2.8226413311263037	3.269030042325004	191.90825431244514	0.006259304794668975	0.13666998023390806	418.4308104358132	256.99705273981925	16.227419022398372	0.05355212019597858	248.5556864006718	19.219992378077777	313.13414967651727	0.01420507580416063	17.61611408508248	222.06295118502268	319.6560541657714	10.913791405444146	787.1375165402814	587.6795110017028	47.27451931590809	37.69858334181832	739.5137592039057	0.7147120717425033	335.688721280879	21.301414473467716	240.72639265023852	108.28470952740781	320.0235601952562
S198	1.5312257941121703	95.69958769278955	97.09701451059195	113.83903243386717	13.853489374542683	3.2967007227544496	1316.9699593915923	817.8328755902528	87.32755269592131	9.870094810353635e-05	33.07896261579905	22.21334145099894	66.57455445184551	293.38786553889213	99.759882037728	2.1680767937873733	7.366962549271276	1374.0243239684698	3.753364396584976	37.772407570189486	59.470088856765585	136.6091752160879	0.19334397688249874	9.18516490797179	24.281661878984135	302.3988190959159	677.4785748682766	880.8538734423923	43.59566624726489	0.3994791757624938	1.261587410741885	20.417932965105763	1.7296885669698658	15.22745766970735	25.03610297063582	213.5188068045287	7.073910101991277	98.02945314273583	1448.845393072142	522.4907699921964	44.54313573095058	927.0663254733115	50.45997962495802	2.2863305267826908
S199	119.39839521431102	294.74908437318913	1638.327821253753	74.7795334572662	153.66461751612755	3.5655152768446756	581.4257376671114	29.10564618732205	203.0704431333617	104.67829153232812	797.9256751078503	271.1866219061252	15.768454750430836	0.025630174194763277	48.42035590872745	8.116602617351626	807.3647080437371	0.29883678179192397	106.65556293255878	533.0099403098558	506.8087823315228	863.869558121445	210.81497822263907	16.91452040281079	0.9234349912681482	13.476542506719229	19.782087588782666	0.13643915712876126	48.48262215191878	389.6079082145267	248.16620393331024	16.395468068862947	184.4689242583571	217.50253232962422	0.1580820828198575	355.6439940476814	85.84646145110771	1.3402389667578154	12.374619581863566	191.33325815880164	2.783594372624822	73.52178867926885	588.1479784648932	159.96250777102688
S200	0.06807470928699741	0.002999313836651054	229.36988053788843	621.8317356605174	548.234635238202	18.47534532985422	4.485434679722623	4.314795097275202	347.4486583152977	65.29839308624551	1504.187460333298	60.887486971989965	5.045805879826168	60.16886538105661	11.108778276393336	147.56067346736728	352.9530818581372	0.8303666966731794	21.34165283573801	151.4131448180433	84.32647682282881	1026.026247038278	6.941726711693398e-06	223.42285864196236	102.96518501566732	3.3499564224851834	1013.3447465374545	311.6599498418115	5.985545761588859	364.0188864589157	0.002070891351914399	850.8099183921662	243.0297428906175	0.4939872591744841	89.11819555273829	797.2916229254897	0.12558665681127237	0.03328511028974712	284.75423677527743	12.850692658977247	345.14577023051334	32.37382400266853	53.61510942464455	0.22882925990917002
S201	17.012884384266226	33.22286317680165	0.002882105913969759	904.879327251976	88.6245109007466	65.96417129006535	8.727826595412735	0.7052158509819965	298.9674075959249	68.19463079493917	67.68765983526919	30.83439894430033	82.85434824579922	223.12477430676498	36.57497339204138	87.12030569913107	693.9063929898018	755.1301292749524	2135.2292086714237	0.03755829685812957	3.9464449616512387	164.11823810654738	227.04124111280905	742.9984891693922	16.674743609788724	31.270930006002175	289.71901131199826	636.7521280229695	0.002937286106151954	221.84368469659395	29.962951560873254	16.320335739933896	0.25278999877068536	9.427147553399795	96.1842055721226	40.55908008742307	718.1560252443344	0.5240845655984282	131.34638156999728	270.24081328046424	552.0594928965913	62.73831188491806	6.6209269193602625	132.4381352389848
S202	2.9801826633550528	730.3434957648991	87.90649399900676	306.4508717301264	22.359590371537827	66.85322052128465	1165.9655357566087	53.9720020032525	7.761406465118258	1071.0374201011928	419.20033185041996	89.38779166526592	15.059072879986076	72.59727875906322	1.5011015682819917	305.0352058811012	1.4410379812333898	0.00014091995343133126	30.11441942446901	0.0736862061350204	9.024186964286491	7.127949645454907e-05	1500.8304616518933	244.800726835091	3.6939267286832944	302.9859754801261	22.832887579878435	165.29161300500434	21.70584232646756	7.7016614930003096	0.9458033307153318	1310.599650565839	126.71241938039543	108.13924872369668	1.365084380789738	0.5100525791762912	8.7213625925674	899.252218988444	4.191159068796585	0.7669924637786828	0.2036514480419232	15.402161465725191	576.8998221168353	217.38273303897833
S203	0.1877523701469251	18.272736407301743	579.8993379076454	18.4089350671913	110.0660512467905	0.06797988621245489	1445.114187241928	816.2546632834039	8.534047902115695	5.7251092092891565	346.7110646644029	222.91889149011823	22.204271826149224	0.2379885075558024	2533.579906633899	42.55101913444621	9.680653516240227	59.550864668904595	77.59998123684746	126.1904177947117	0.7169146900752119	300.50316388472595	35.93674703672356	77.67625812090562	196.29640553914695	1.6269264803221586	249.45065768758622	140.64271663961094	15.497888785297077	92.39905095939424	284.99352702713577	0.001512011921801185	0.2215254497713373	679.8769556160428	490.2717427966172	18.51763722855429	39.37597890216244	5.556522860750882	106.90174915975842	0.2175128487622903	754.6689612069766	0.025065251086850426	45.034496920305884	19.834222901065072
S204	80.11640681129009	1.1769911035171703	25.506837912909788	341.8805455837545	165.28187976556495	22.11494273578104	21.854883193725016	110.4301573073	1.6024672344458195	5.759040947122266	312.5701023754306	0.15084246187627365	148.07007500392723	955.3059547927907	4.3971797286169885	290.53206493298916	0.08613560107409632	19.12789521466225	100.53149176263258	0.02649373117431312	142.06277471573912	345.9452914926641	6.720232451748529	1146.0410449214232	58.1876103271115	348.73391067255494	1238.3312206950195	15.306781493404849	48.902034077213536	50.59159508039893	73.31437554128264	471.7118646562345	2.257677086950342	436.6169869872849	273.1685888696617	7.968186430088786	0.23872686237612264	4.932067615927213	92.25703540562817	287.0713658412448	318.21028810620516	197.23131633556375	51.22717083884629	1776.449465294843
S205	744.9617675560049	12.649167243267678	598.4402713807243	153.47446404018058	1015.7791271111523	63.04449140111415	96.27111773448067	16.009827528559512	0.1301063925922976	190.57769977717095	1644.897051242031	120.63105584711339	9.689100109969013	12.913714807571829	407.0327582867811	0.06386786542523551	6.4320122894308005	285.310463812243	341.3290229427471	60.37626582973151	153.41565711454223	918.0693469859702	60.71995039348448	0.12884680998939413	4.990315420323211	7.149990296948733	47.54994394994232	6.163425049092049	125.29098646858701	171.997935934944	22.552893548820958	46.001395243457914	46.690848439982	0.021325930449191614	26.356944622594074	542.6008725640697	13.690050054007536	997.4186059613123	794.9725769921293	62.11627948513928	2.6856239279938925	0.03214980188251859	145.76176592164302	23.608915884403064
S206	393.4188721343152	0.06530231820988266	70.28213298351321	639.6728477917313	362.019289078744	138.88758460974768	5.007021134550021	6.686675957934915	495.7071343879015	309.1396726986592	365.94304665784074	6.606376858779785	158.16377535233363	184.8363935289446	5.586508309532382	96.11616857341893	283.3451881384277	476.18587597310017	0.623949089406199	507.51565876602115	11.76766806740209	1307.0828056417708	144.80508222028124	90.39416887257677	420.6640209514944	497.5844987043386	466.6106004303681	49.98357980230807	0.1104446183095565	120.85379712319195	517.6374110913564	88.410848308994	0.08396035219923587	137.91644456597842	59.700434175329974	37.79344154827969	135.3815801639752	370.25782752862074	9.136633423290231	5.760345735023579	174.01266551101375	4.890128064132603	800.4178557576698	42.93428299898423
S207	297.4609103159599	75.87284309460847	16.157899753462555	215.31798363469773	508.371359774525	469.42623303920135	130.21076129199466	24.377118752871727	85.66858058808951	15.764043637497018	9.613607979142447	316.032528838282	0.7272002852674818	129.1323314735341	27.47367064369428	6.151166863170186	0.6174578277835612	120.48522185771371	4.257784264257695	288.4393700215034	355.124365716516	93.07059529791682	589.0189875646528	28.17014280376888	1310.9006112443753	10.080007069163722	8.69935814824594	1038.3661844202416	51.08174000546416	38.55111465120189	15.79278757497383	0.8332472719207715	1120.2138813006281	1.479863245824666e-06	0.4532659934459367	331.7871699751631	41.2955239474582	111.39051592337529	13.42909706147208	101.64672999759286	11.602900169022055	139.7832961391729	925.2507439854378	921.8996583216692
S208	9.913783706772747	0.012349745840730056	0.603423864648612	507.181136537123	276.84139616785365	1413.9318850562581	42.660049884272354	1015.2938641868793	238.01492013225035	5.150427570780095	144.18799342312752	157.39854174876413	379.67042973379506	768.1923157071177	37.56449232085664	134.38320650581178	1114.2831743987583	0.10420504984720184	956.3065488648126	60.56547323344384	145.31591665114408	13.180156760376073	1.8990961494040444	3.0738349443380177	11.18827479462929	4.713677073131337	0.25817206592610153	79.71771831160565	590.2757923385416	180.76509477395962	158.242628332124	1.274224475380001	31.760153758005316	87.70086372877593	25.039005814359445	8.343415115375615	66.8792331844392	31.259096633413424	3.559038949358993	48.45466174265118	127.62019504293272	3.5808929321895056	530.7049479481356	582.9342906407918
S209	405.76671765175325	16.644652518315723	291.60902601011446	0.08071936506934316	208.7883024974817	113.6114325497624	37.67582173840022	0.06608384002031088	35.78747892808727	3.1755078301227737	1.981781562235763	116.00654587848238	12.719939166270368	1799.7551991735697	9.929797183697913	0.7269881113957009	359.11111926664273	2209.914032977188	1026.4651756587318	5.73015644515099	34.03163267665875	35.05318537305197	0.09058141200668168	0.0009028125192680693	105.68743442057051	720.8623482051817	89.57010484715872	0.01969631248524874	31.26309985753524	29.885956237962915	0.29843930866605173	0.8683740370248528	79.3384689266002	118.40086266607888	170.20432453762243	20.739172981039776	0.00031908285842667343	1111.2619917244724	288.1232155012544	59.851148601912726	371.4405134362688	16.204645461891264	43.54735932764405	17.709743899039964
S210	374.85316429295784	59.639312416938225	44.532923214164164	0.13247684826738024	23.393267192788265	1303.770968187925	349.8084467066195	1257.481593897019	21.259850014887952	0.0005496399070932548	300.56517845719645	16.503814454464667	554.765599925499	22.21392933584069	8.060885360188228	30.381736787153912	47.02268861395333	89.0752032870108	742.1385528346148	960.3188053203327	273.34742641612104	333.2004039540986	0.5944871707353013	397.4612078265315	12.390545205543111	0.02447424334125054	1.9932814860898402	0.048620029613654685	0.00010920789030578847	97.38350572812035	18.093607168504178	160.81963741190384	0.6592224731390939	4.628953520372667	172.5661649796722	2.9010797806088853	1330.2221409334943	439.32828728118636	99.22939603585677	0.09581468811274853	84.27785982977274	341.58363156732685	16.951244180054506	6.279952094182746
S211	56.24542399813516	8.896566563687783	69.27330371175509	414.7661801560627	16.715884472079754	460.19109376003354	193.04992657232108	9.545453275331834	612.864952474334	32.85820082012105	267.099780554366	294.81593408790087	79.79836261174331	90.57958459492427	41.22736341434512	0.27324063314499025	0.411410000399588	351.61867000684066	450.1274436591893	0.012420341196308044	260.5063612032164	1362.1218219090856	53.8164992562223	17.156831943190948	7.42151566702721	544.8637258653366	277.18408683537916	151.77537598281396	13.518036176497544	31.887689124912	693.60572854129	10.889302162755694	67.84444630623065	105.1059533388294	452.07243902983583	25.484962231977857	52.97503491887365	21.891159231813745	1025.859894252767	1.0515011498458147	452.0871675659192	23.14587630336765	211.94524485851858	685.4181504363842
S212	1.703643192924551	64.12193953218862	4.022579232148754	0.03558686903398949	126.66347857031558	214.94520029323326	1026.9533050685586	181.5196875825486	74.5144477253642	2.97471363424632e-06	80.87756880069108	760.0362346205947	54.3934519341729	44.80892066545745	1.859691877770978e-06	0.882416347875885	54.828691898604255	50.67286945307637	919.7296814642192	519.565930862873	128.82052410735903	109.11701025742019	591.1961989598665	3.4373130172265336	16.561497001733258	263.89389942683437	0.011856258542806895	11.117373495418907	1391.2004516990426	354.8343403123058	78.084992165839	7.121602129161095	0.014946230049119586	853.7730849412761	69.98728241068828	596.8630632678932	8.950965352930774	37.95050167470213	1.9223738514727897	588.7858847801166	546.6257333219738	159.3653141533163	0.08776813783769853	0.00038409870709049285
S213	620.0403170900428	686.1623173979796	8.319535551475624	163.73225482195068	367.7005904019118	548.0046139288759	374.56228577889544	252.11635593222204	1.1994233743167848	3.6420953844542048	223.03325501486253	2.6050805497681173	248.23718095512817	52.82047356156163	308.48170659441917	186.36559326820017	24.253537171789585	125.42913440035292	38.02839157853602	113.90874110265865	56.25214501354394	709.8096627692998	3.230433836944957	546.3062455793636	0.016348241430585043	83.85465891969108	85.96362075812016	0.0007233988873453613	12.981955853547122	0.07092167315354181	224.68948223487217	227.1613035394577	142.50403985632286	2.321632262513059	1354.5419125617927	197.98281268839878	44.45587108039746	117.21678812907867	8.496143380147075	295.0092183627373	750.2153428529155	576.1483110072769	129.298597560329	82.82894458037906
S214	1380.278412134398	4.922073431361456	8.305543359978357	0.24461643644405565	7.583171665439733	670.0330941176791	0.7182422735248924	618.4994335245494	299.59541989588917	128.79869101919144	35.677045008023114	296.36063953696765	35.36293363799434	217.39794186442484	1.992216954501873	0.013776043740158225	111.6699733820245	300.2674285927342	2.1642427259680996	103.51397963565117	0.46972200430085137	13.617555200738751	57.07009096439293	346.4708711102862	22.42042272157969	5.359832136197964	9.803573313977303	3.0350310073626487	6.136511013130576	51.49427380262914	206.45780569395168	154.72662829336628	2477.886146227583	413.8199646575036	20.65692113882606	62.19783037945046	70.23015173718095	78.0231958072055	1194.1815148154308	346.48029185072204	31.37932851813628	6.950233780050698	88.77881516282787	108.95441342268741
S215	21.516359722532357	1.2001915184565362	0.026090222065736152	9.027201500229054	9.280292961968032	0.09013408980288634	1263.4139269477712	19.245323144244047	24.816787270526124	78.64327146170609	4.69572480298724	85.77278823003985	55.02929287541564	0.11678729543213845	255.68905244341443	2.3161613681480566	5.007927470085249e-05	56.93757866028659	14.71113327909035	51.833240726094935	109.26730204535808	642.1794450601711	27.12440012658377	5.713755057102346	65.15630922334343	3178.182703290189	2.4381864521827428	1.4649982202246143	186.28939187802362	44.7834981944567	309.8791662151405	285.93638084596256	6.822446970398439	147.36167653003213	0.11206439844146164	206.50786940484758	73.90114824072445	821.838864711329	1875.3520856622686	0.9511496591435934	0.04399969031597546	52.26159228629386	1.9658835064072746	0.10429373157224742
S216	17.455743842543793	16.44979677376293	18.255757189316288	74.31882527203334	493.55662706979524	772.0247118257546	0.002542691426128679	720.7208465656687	5.214956645598801	273.66251261508154	2.5740658826524245	45.45651373126714	282.1859469365405	252.09954234011224	1048.6601601505135	16.668449261931336	657.8312955534939	8.9283785925039	63.250700514099236	0.5703038601678823	57.32495295656349	334.9938392068005	17.215577898355054	587.4946118834451	0.0002888895914493219	88.68256609913817	1598.9562792011945	3.2566818146695824	0.9312954700865329	8.577031016363964	29.84748146716114	96.10702084708053	0.8630071836625371	1414.7567276373165	40.46127429691106	0.27142182721926744	88.42576150022226	196.88100098785503	121.77790075935349	4.764242718978453	12.356556286412545	169.79862795582736	15.500946948675612	340.867227832851
S217	0.2713861816634781	1569.8851022707909	17.05295638238627	372.476101495759	17.11459632151482	42.45350469575712	69.91223110915679	403.10579330393193	0.33116713311621093	0.5899647313340478	1351.8870323183996	95.07377658637344	134.42585131232013	5.284628752418808	283.1888570487916	0.8690696184731637	22.5270432477758	207.310960360009	2009.7900241626767	73.80572342268965	33.59053332484453	5.325657791495282	68.68311986733767	0.04101045901723648	2.759949775145441	94.944913639234	12.766116267428956	431.2757416976547	458.6102195204771	2.876939967315122	1164.42372132669	7.321996803186551	250.9985286348904	0.06729438945333836	98.12589576398145	19.602475276722146	49.97498479512421	92.53678837604338	184.94581065306218	82.16075244964892	0.08911168740482017	97.24780117977132	3.869250263535849	160.40561563519324
S218	1.9459208552914347	0.18677930452846148	100.63531569846096	82.61755767941162	464.3659489282445	468.5353912032438	521.144251444118	88.57190188784246	0.27880722967905075	11.955836479302006	557.8213379201519	1173.3929208620252	811.2546695372324	261.2109380430348	0.0011894302999747946	0.0014399153033256558	0.6608367303623922	358.292778834335	65.44224284853428	1.6298457989151311	13.094650049662482	104.57425073795199	995.5050102360424	64.67993563157938	17.317231489731544	96.23846436960537	14.835303123970728	223.63354728630725	70.67420891207266	842.3321020637319	616.1517465657213	674.1067205817417	0.3881928166133084	0.8919946448930997	185.0977130470625	245.24541797256686	311.8489952725892	8.270643880356598	0.0011603314981128061	256.0607121336421	0.0032614284706078355	172.41236168825426	100.61616852188324	16.074296583733396
S219	0.002466544979413223	67.1280798955006	0.2861344045616006	1013.1153451822664	254.35018546890328	334.40372391244074	355.9548317966472	11.099708955915226	3.1595774047091436	20.074584913129737	617.9256921427101	926.1469395292137	249.86548123442736	0.07914454954905456	2.6806045038011703	176.639055764397	4.4269007495640595	0.9015151456855057	0.009612352385471232	4.417107599890433	178.70563889575564	0.038617631490333065	43.564656463678226	2.9618471214079634	0.628520472472759	75.09397640483076	334.9716400870645	756.3476438796591	1178.796251225318	306.6490022255616	127.02786844446912	140.57207287466767	147.5979770946584	62.82813757060214	0.8928040669566708	711.6876832837439	55.59601393002326	1.3340060719171636	183.72630108575783	80.58980357908288	2.8569332440421498	78.33217865357577	1483.1064455421379	3.4272881004443674
S220	0.5424892644808206	96.47594583051956	74.59680836193965	86.04398871719971	109.68077623537431	326.16427487854287	1587.374841725366	1018.7123190338941	0.01938904798126046	41.5336015338544	9.33683065751469	136.81785096757397	0.1348267650858636	223.58105059298745	14.24756493486733	0.000438700748638422	0.1789404377828298	317.7298663070937	280.0488333156995	51.84121750004517	313.3207996961869	5.769230828132095	6.0352762673746634e-05	414.0843400586031	1352.7754060381505	3.7110966895746946	2.84579401050859	881.5756742769787	0.10919205445198915	105.10256745531389	1308.2475098217146	0.974404755855408	1.0098163100009443	0.035677170988801125	810.58892656906	2.5889694052531134	38.1257873234043	117.34220547175512	13.73243675145723	0.1048825352672906	140.23190721901756	1.4817435577540063	3.5282855543192406	107.65143128494009
S221	1247.188899683727	12.389657664395397	3.7861659685084037	90.79001602459083	23.873502757964122	0.04828907869983244	1017.5274011691655	366.03895362487225	911.5107397505765	63.88037663413856	374.1445827783735	574.0279172480289	381.66026601793703	12.610673608200988	56.94124899144758	107.88600669275574	2.4598802253700778	38.520030301511646	189.12887363469633	545.5665218672037	67.12224396473533	109.58063723742623	20.579530600491083	6.074842474974002	0.004967173455415857	37.18652398006612	13.611159365584625	13.456079515586042	0.4222535609101484	0.03360158114730424	321.56434794233047	549.254708640819	0.08238857505945675	1817.4048569311876	96.10950062875959	145.67318041632913	39.92931373369037	26.30533316352829	258.2671698150334	0.0003336952116335228	2.8132016443268633	25.810253528339523	287.44872018011574	141.28484792873115
S222	494.46518099112774	18.92680870674557	1794.8652425142889	0.015717573145035482	482.7645526052633	283.3906114075562	122.56411384605653	3.5697791918002895	4.456638094787888e-06	2.6561825910239096	0.0004991385595742291	40.05814623135738	298.70884525029174	0.659028351683909	4.149927238696365e-06	49.07499215410142	27.124061553637365	181.1948997089385	611.2246032913288	35.83319371614558	53.428147144099434	716.1793770873142	462.53068064877993	67.87813882924975	84.94396039381988	122.26830550092495	703.7594975057591	87.38559515498851	0.12411772971997831	0.05080415560262846	307.0119048182323	590.6710794495447	2.2041883379892964	171.31891498263457	376.4595130250294	172.56724215873186	178.7083948834981	165.51639363780953	127.12805945935972	281.4292298558375	125.30347075206463	125.48735099017794	438.5438590507987	192.00530701841686
S223	668.7130022323746	0.7746049605530776	116.5163990015641	382.4852779224012	2172.598189663889	119.81714910516904	0.07662959104255164	0.2352053076944835	64.13188569782406	374.07271154569423	142.49072101615022	10.697343328671321	13.431508826405034	80.62136474766154	145.0144592820701	169.77633295349375	187.10865517991337	0.875919764415596	36.1009866479712	159.68134334394156	0.02042311715246196	42.28967955977535	157.59320443402683	9.338046332352634e-10	205.1217182168838	44.22313129522429	183.89217716239025	0.2884164354907528	210.39252093733995	749.3577087790134	97.32049257550703	69.75935593674039	91.86836710153692	78.82710507648989	605.1404211115537	145.05291544223346	0.08578949874875029	4.055194509276966	258.9682396650095	34.5297449864255	628.6842514700342	4.264496274418098	1433.7242998027975	109.32065649209717
S224	3.6417180600549193	3.1112207076539202	132.99421933719736	12.779199557072626	996.1808884636988	48.0048470143477	196.6599367313715	41.0079502513618	6.231736516772648	220.8052154676605	354.984406922261	65.6486660016245	165.92723771801775	179.09155207664423	116.33508908015195	29.29321659497422	395.3065560667327	294.3266379354989	69.83927459800996	13.4082221175264	87.64670554794985	395.21405373914206	0.04986335523980316	215.32548636723536	1405.6228066843562	88.51101059021246	31.89940780648837	266.5491514182312	252.3200311110283	1.8153471660087146	782.58976081078	405.7702276807269	61.77725121881949	130.27169739454538	11.664511542846212	45.42140261370515	58.12002633525105	5.226049411487791	257.4822823626957	376.4710072169491	1060.3024394715562	14.607018353780653	658.6730849513079	41.09158563102078
S225	517.5259541547214	740.8117549030907	85.6456806539312	6.538386420377699	49.34368811804446	67.8218442601228	39.087859517519476	41.68354152392451	573.9333491095797	125.6290813577855	241.30487371220275	0.009067846481775069	0.7824366016643094	0.17544912096015053	0.07204714294619044	26.683489075801326	47.705024648271795	1070.0690878949558	784.1248005356002	1844.8633435525255	1579.4003902401264	5.593958464524858	72.06787164699863	487.5598391437274	39.15629122091223	21.818656709942356	3.9853238539195615	163.70712465599385	76.0653064298966	1.5800260320773698	11.801738791878126	325.08233852528946	155.0669524906065	246.58715821169386	65.56325107918275	32.90787493636956	66.56764715126113	3.4915573422258688	5.195958853670187	1.444324636240763	14.212836578050064	4.981470302069866	332.3700458537905	19.981296699043337
S226	518.7078710551215	983.1574337564148	17.50342683897994	568.5487986440061	31.848180914139704	887.638987680459	6.062515233146625	4.7637923700163824	4.751109172587975	0.48295988265470224	132.7206724606469	0.07117984789718895	0.636894967481388	27.80088505009071	102.26829622144334	55.471670128236454	0.8590981102710128	583.2626752124436	0.04973648150966077	220.3693897052514	6.503204390122841	0.039314560087536046	19.361710606844785	509.5297493795656	74.47788183054692	34.4094926808878	2.2166360042971838	1.0921419173907325	638.5731952306959	317.05907608724004	368.3281259377977	888.4145990842674	105.08149698149862	502.7768772523289	125.40977707813838	0.3736724627983025	301.89555434539545	0.370978288309463	457.875790562075	1.4502017004061534	194.3280191745266	151.83313390103592	39.41000023872197	1112.2137965722247
S227	94.04651280770423	742.0940641596328	8.354083515704716	131.77559301769975	68.64437672191667	469.0124782040469	286.21473781088423	287.7386633379093	356.71744795726704	0.34765388463792685	46.5215433826319	0.3542596757795879	186.73143933990173	2.3652666024999034	6.922651562839389	43.670513988433314	19.09658095367615	1609.2275756922486	29.0378808399532	0.4362127703432075	161.12346005763843	38.44363945681099	2.051063227661712	75.30036913375899	93.95950450260771	0.0005915446007755628	292.84569588000767	24.956913876933513	1888.857881352376	519.8867820479268	606.8809485822605	18.365903604964203	35.64289177358142	5.382158171789398	0.6963353989757703	6.980883130488776	0.2734094306925157	500.2790444170987	30.32274205306845	79.62890956653071	649.9145617256473	127.74623416481761	451.14003365483484	0.010507019213463503
S228	68.675013120408	567.6118092808108	0.06794767711739251	658.2686519993343	55.12028183640999	2.236137901592814	4.302772405926702	186.90461400599708	2.5385717727529842e-05	68.09682660566625	71.14653950316855	748.6462569625123	1.3895121849086693	94.28314380471035	13.62154708367744	177.134748507583	0.15067785675283493	744.6409020992879	112.56765392901252	0.0028264870550357983	0.00188642224763511	142.73822577888066	73.64533865391064	90.61791517033997	0.00146344112096329	0.04209030101892317	256.2649872806216	13.773766815409978	137.84684907421115	4.971084908408082	854.0374976167686	2.246782593099102	2687.8262295578165	11.277873051664903	30.702700141028334	327.07451977049743	10.056246387766366	180.00509127389142	121.13256564335721	419.30794216261205	322.25860516675203	20.190595537147964	109.12012698757334	609.9917276262057
S229	269.3613820228761	3.428363303443704	130.02514131403996	122.310935468733	832.5602853781212	238.48934158172915	126.67919415721879	396.1542561460372	26.974964822929888	389.57199328138284	992.8996149915037	26.398046895888644	4.471203114551858	15.703752525073288	121.08417895309532	1.627429748664183	32.378832469569836	2064.756182045162	40.56085755049555	13.869722095303331	3.1889183332819075	34.37448531800924	6.2160512958845535	117.23767388518289	113.93744426339212	1.4940050354692938	835.0536666683308	91.02948755841422	12.039720431401358	397.2426185161933	34.241589316646994	283.77437960252263	826.4463382337168	115.36218301982585	14.281361047875707	177.15318754877697	266.20140986116587	0.0011029921789096153	29.632256681612628	273.68098721601336	452.877999103951	65.09979038754052	0.008928190347595781	0.11873762644655912
S230	5.125877884215609	82.70734289739143	9.005728043093683	16.68203827858064	52.69895024779491	110.794455066132	0.21062760521166973	93.84345807943531	15.40653080978312	4.821517813356256	61.84458291738694	58.90147944550504	734.706541717641	219.72837518010883	103.3834974047346	8.917456550640537	104.31986424369063	394.5232703146778	108.5165660475174	64.6607821406542	65.23599468407872	559.7587063440035	164.44115824480855	20.439704528891966	5.497640824557891	0.08687611457473027	144.95651699333732	486.8770582666608	3103.0607628022776	20.373856131780567	13.384588457263309	46.03785096870798	3.5657189627446395	162.34819855679535	0.0528103228725574	70.42655633196847	3.454504218840055	0.48982833515243723	238.50974435260738	460.6309720795901	254.0160411653727	1.7826593987718906	1914.3551663633402	9.418142863451642
S231	39.0321552155077	25.33700371071017	215.1893719672117	697.3389911009572	479.38395134401395	46.940687985162114	57.64667852667359	1.7709009350303722	334.5958669647317	384.8435282327826	308.968609281827	0.1504096886937065	36.54134149581019	0.14675648123428736	290.06650635848786	346.2002120661157	113.71376062334821	3.4938785616047014	5.291292880757565	935.6168937379489	0.049807474291224535	7.36049100124936	0.3111994116613697	135.79946027811366	104.58298785625644	250.84802120308115	23.28362455257564	13.85382905593419	63.26318471258709	61.24928522467464	112.02060626597995	7.771251643731813e-08	204.03338087085123	66.01028130518162	780.3662475017857	37.129642550885556	350.75877219562784	577.8536482428378	314.28210039105437	5.2167868942424996e-05	295.0079430295664	758.4563547558756	1521.2102322855992	5.043013978762404e-05
S232	99.16990232711076	52.97351558555074	996.0243085263791	570.6296881465421	74.3259930530251	312.1084672476611	18.391759257078288	8.968028755697075	12.806868212569599	167.78943254290436	213.74211623094163	355.3799675869893	39.771166101550264	530.201156441724	373.3457033856708	0.00015596448385056714	83.58821711866015	963.2397608972229	76.17322405215467	14.385881141925704	52.11139607710518	0.28922148166132616	58.531155357909114	61.135624768084696	78.52377342348969	1.6520418746065313	132.32109011934543	1.3659552865850522	153.5480663779328	7.069150506197126	349.0723750239181	30.922828173190137	0.2779452528914318	0.02075366178779153	2361.537606515073	157.9904049631292	737.867501219398	542.426009530971	39.541213697322945	12.205380147131999	24.344764180138142	180.3308715883757	1.229765865936904	52.66979233197525
S233	19.562330807450365	0.49228309567853484	344.26581279124434	501.89687096177005	51.21141999605905	221.57810135372304	286.87383614932946	0.31114950765661353	280.90329240589693	241.12127985496824	89.37176616655202	283.67367814769574	198.16856380571136	337.9754293119204	230.41445263135765	0.00012366816456353861	0.5746531497071321	1186.5214767959424	6.631360685976224	25.53979440374511	40.879263215654575	388.7667769367084	231.0998280836139	2841.113396064249	48.175958699755725	512.6722372253448	0.10558115270905541	18.36149662639132	2.192415820719929	207.91261443976964	725.8078468306337	164.22750123785096	0.9437550168656164	0.6802356371799992	19.05637034243237	15.022032070252198	29.02562606061235	178.8134195622345	21.58023998146074	34.36557798597987	193.3692032055049	13.806609769517163	4.856921015001729	0.0774173290118986
S234	30.20179702289816	230.06945381546126	0.04458051746642227	760.8565497602303	5.366108655882907	170.12460235182465	0.11572529254875727	442.4209149754165	726.2706092047234	426.5855398225198	471.37318836768105	1529.3363968518622	0.7250857670993278	13.58806885126209	63.72739189032542	1.3616436274671941	9.70637739441989e-06	40.746546292422735	941.0156683739568	539.3063778894726	154.42127674412595	19.504701502753424	23.302015247395502	79.73056110180424	21.11286969157728	2.9320266701291153	635.2021992991855	6.420080438669874	18.5287946921329	53.0977172288641	435.2529005403681	6.130479444485255e-05	9.035751842987166	2.2135217374163707	0.2399036064471524	645.8221799630525	0.4322529422621941	416.5331078266009	171.3605140997268	114.67494469161605	63.41443356055016	506.9296890997843	224.68918071452023	1.9130564163343333
S235	770.8720962805158	4.06519244723411	74.01109968079189	17.18622485317148	0.08785438215940597	613.0004970879972	177.66065018150843	31.16462941864615	65.44938885052406	67.98551198719264	274.44907642550703	131.3997690246883	1327.5414021692236	21.731388294292053	431.9983440994669	51.38384303538511	4.540298237775301	40.79020574085801	47.77790305993099	174.0704585644355	30.127909143629985	412.2682489084722	224.06561234683295	0.6012240078318016	537.1119384921946	83.23319362807648	212.23949572323292	288.87063397316103	2.1572621468182818	0.00026037226583452327	0.23058094114061792	140.5767059820312	445.33360904317504	0.8168537308455688	2036.22462049847	2.282745856531621	29.986198644999536	7.491580531229904	67.87635956641832	554.1443197444759	4.371283642279891	307.5832211759483	80.77722674660909	204.46308133202317
S236	85.43124516430248	22.561508671000485	1420.2992973771436	427.8777923989851	403.4813918926485	169.70994873930726	2.132912190335122	362.40352608890544	305.7799199420379	520.5178287760702	228.5590804630301	303.0801674403368	147.38493176940284	1.9001301594229576	0.16324684212844096	0.09644419113126784	10.64776867369682	38.36907673296358	25.399284262007743	183.10952290803368	1332.821775215011	283.8491279193314	5.392664689009063	76.68272883267495	1.3395610047566233	138.18976015824188	81.20133954519073	185.81092400652003	1.337217924526246e-05	46.27477497769601	0.31134150540171157	5.579221137153729	1.1359470261963418	140.3726431462411	80.58801609786441	436.3136371536541	60.852211433835386	50.507116976381475	207.04056028393532	83.5479406464559	206.96457752348334	2.639013294713176	985.8526511702877	927.8274282008974
S237	0.1283324637923533	7.707306408415195	0.9824700015810012	58.150677074267094	6.541242648615204	105.61779329304395	112.70383312882947	0.897159031095877	2.8948288969004947	132.69920237826835	7.45926714005883	854.603544209613	0.7118903205108355	1517.1136414829512	612.0855981388379	117.805970383085	1045.6687630000247	7.838926240409036	0.28303587551443593	17.303926833743255	199.4362270709813	64.28206950494427	0.05000222403896917	0.3526328630327808	1.6859019163084277	214.36102685203218	107.52453757453769	155.82095064960654	1.2339184630865476	0.8402240841832412	442.9442785954215	164.43283993748796	34.8808234199615	283.4111417375846	2251.9893200603274	39.84832078585203	99.83687554841418	0.048177068921566625	845.7187792617663	365.4046826009421	24.96533342329729	16.38625740226088	26.466479991535547	48.88179001391961
S238	0.21978223567833327	0.00018326348633433895	341.3181266605294	3.93449093259794	303.4653490921148	4.554310596737395	0.0013844026913209316	0.0016109526279956936	1.9408086386565488	1.109453805685553	0.12534262022208012	397.3275981812138	766.9803291172997	757.4659457393138	0.4847952611840924	50.54295796162625	241.21956044184057	192.72497185695198	262.09086181164537	26.474343083494517	51.82293106018355	39.392361758718984	67.45682898698686	61.567383052849884	140.85493190479096	12.333902405616698	0.9273128274305472	669.7418626052454	87.7315199353261	413.58448322093597	51.33701605829083	29.68309190341556	31.42252240790052	296.52657280322404	0.028088838460877355	0.3264301017252548	611.737838696722	29.966106063625517	0.6719995635774144	0.059756362702697255	1699.6382921741854	1872.0131662597405	417.26116423567635	61.93223011706898
S239	413.86900780892836	0.048425854659620925	5.97391066873107e-06	249.49311550745867	214.35105756420145	6.576668045535551	379.5029285776617	0.018208391558114465	3.3631988982681946	245.9440005458202	678.6661773050934	50.86085530396995	639.4689439192679	26.691852738262547	14.377074802887167	47.861348017058404	0.006500035842615092	125.62224895379188	11.02094622806935	46.24668009331293	259.19488183591534	291.9550913263866	1000.7879947329733	232.14999162516827	410.6915866751819	335.8685561022191	253.88275840015388	0.08763604952938148	2382.7031937824217	103.83625141909621	0.022024150101161884	70.04819486144173	2.0572123820238746	119.69335487577568	120.70773887719459	58.710424571882236	1053.5059817283807	0.2862252320681863	121.19681196938443	17.036233114630225	8.189258014556606e-07	5.463042924428618	0.4401479862167736	5.685419992942383
S240	1.2289428988014403e-05	639.9472250250868	25.830175505670198	786.4044443692419	118.80798136755044	539.4651696523097	28.048863694214443	4.123501709642824	80.83846606557532	36.66001532847395	32.32069321970276	21.3603287879626	209.70976659266486	9.221566486544146	1285.2585561824246	7.851018257915389	174.40192779032978	0.30698169858736163	301.2106320504612	72.95691458898861	809.4764078612569	92.2185205862478	20.819472030971856	78.05558314735859	2.7244151157585443e-05	4.000364201350542	97.94038543569894	10.411051874898394	1.2168378355727727	1617.8911455641655	251.19702245698716	0.001629354552811675	57.91719013544654	3.86022248885581	57.47702396233486	460.74986885783187	26.4815598002398	22.816758988508088	234.16521536592975	54.434670871298096	96.82235318549695	57.51828841437902	1563.0585264664844	6.745633207203144
S241	0.9077862881640116	0.0018059086888847107	50.50276719056983	637.6955299650605	45.56908991797767	66.59815061215869	4.659577054508294	303.2101284181426	243.89438893250963	124.57904535324958	67.83021858452506	0.00044899099341610537	57.98006489004534	181.72879009333502	65.00153862372997	9.515437196578947	529.7191097151488	2273.7779176416634	110.16429287164516	4.11911048971809	0.02838476194669168	0.04445608118290943	22.64668433210491	80.86030017493556	182.12029138962097	277.64108619306927	623.9062256738789	474.12316481680256	1086.5008213018934	902.0253190032836	0.9914253786859796	0.17000435633924507	40.92256175151563	56.21748891118331	181.50437529782525	288.0804339046606	11.434964194230298	6.640365947208117	14.707759181198394	28.281354027320962	20.85843141285618	647.357183755812	24.165035982611155	251.3166834314234
S242	1791.4081669478087	41.51728282197873	86.87326330712295	15.434705685356809	1.3240637682389393	0.0830436813170133	1283.1903887606372	559.6401215604176	926.248405431655	0.10183469673981396	16.488096381353092	16.54453668548533	6.7188539883556535	7.023298182928926	642.8415894987047	732.0389292673744	3.6792275072928295	158.60750411732354	220.75351864106423	253.00823437003302	60.28613046051979	542.1620736631149	6.537490145846924	212.0228593721896	1.7455764310000708	2.0279849568721326	41.893407395101384	3.3986742661495364	19.7423433639639	365.4980100500268	16.319521134328	15.927528232318966	21.083051217435195	16.719067232296492	35.93050984975058	85.78969504648235	3.213224066118167	23.32092230210143	234.4760333051439	32.42381811629142	784.5524590456447	0.010732250167607899	369.9264722748778	341.46735052106544
S243	54.20410783931487	15.174664343929916	17.98204420954345	534.502318808209	988.2114338776968	604.5060082529218	20.490582844420448	17.120340281733654	570.1456610304692	71.66193543481913	1.9435125123411865	542.5469251837945	2.925805241954334	0.0011020566720409807	441.1479629794414	1.1301269460524204	0.30319387087178584	32.95657455448367	444.83783494827065	307.468024132288	24.768816092416188	251.8771590630635	179.9918758640838	37.03008197630352	2.088625408638637	25.11934939361891	163.1670504371497	512.493844126927	233.9926844809471	4.886671498339994	169.39455464386248	144.21346987932546	261.32317981401724	0.7203038358582124	18.24898928115652	105.11211665662351	141.60341918228877	2777.6258102104434	0.7291785971570847	9.51760363080389	118.2096354752227	6.412718934403958	40.753048905226954	101.45965326289112
S244	16.794949485482558	0.7485450542002282	0.46802117829369855	0.05536030766813905	0.033492985721028	254.39763234503172	23.977346404362816	833.1018586509706	48.19643169758919	0.026373187585122707	224.73965531709442	489.0888191387584	1570.6906658193134	136.0823028581077	168.92071688343862	313.3284281244374	397.88137875364754	330.6463387785252	100.89328725168544	1435.146191796181	11.25646564039477	25.92930094728851	22.038369773920852	32.15076712526761	304.63342340743174	0.2620145538109835	595.8079991615699	6.898140908582866	19.048948907230976	46.6119570569458	8.579369432235145	7.048363372215955	3.2163143318131353	96.38107498793022	12.348738655088795	461.66887032782057	0.10730247990196869	319.15955960352227	37.14425384979042	118.67093961555365	0.0020657904027570166	1503.028567312669	5.681192527509468	17.108204213010133
S245	45.14419068164129	1010.7596088132146	57.273410689444944	6.136209939022329	1.8563066202766079	0.052246562711092556	0.22940439512939406	103.76097325321089	67.67131646912573	44.05949947124869	4.967657960606195	74.25755335501574	2.5998523451761932	2.250770579735468	426.8768980521953	276.55569903431325	0.3499851228272148	1.520927071253619	2104.6230174603547	3.490089579036207	817.5994665290638	0.016594829492771183	0.5679839557357672	23.856262411297685	5.409789163629936	13.869877940967656	501.8784351197934	127.21267553265866	13.609194928832528	227.21748645975146	0.041920475582116666	43.745122730365566	631.4120698226997	6.846128797460778e-07	449.7865474311817	89.82785997686541	20.462207755893548	6.45082531560619	2344.3822438791008	21.678143660395953	241.1228913484221	2.5402088127266698	148.03056573220493	34.8460080475779
S246	0.252513886033415	0.44889961846652715	95.49898054197453	278.03764813905707	108.80047543575503	43.91283754186798	1.428153476528252	0.67222291111346	103.7736467464442	1.5639981496287534	257.38794480645504	1014.1512650408963	651.1115561540814	1969.16755295628	70.9571434358995	26.01678182471444	136.50063196428513	110.19330154197333	494.07451498170866	18.253164993169396	41.911509580305996	24.128112065456797	0.0257696594341009	420.9670140124648	94.8910482025527	36.95124097146637	1572.5517225970104	159.17243671584026	0.03838782869677798	307.4150274245176	50.785703180842084	0.3569940298579166	0.10369124180245436	85.75028036444392	213.01096271598456	612.1697319422196	475.38498644357975	277.6909760975394	11.47471718419676	56.972041079425836	161.90893034798728	9.642155696762043	2.888080403873785	1.605246067409201
S247	35.96934258757289	346.61036179417323	1713.216818536229	59.61636844066102	42.24772893716011	34.5322066994295	97.5930792349125	26.91929990277626	131.99386712143854	34.132729457453365	485.25171265733326	121.02043975512075	49.16175650472727	987.8203349305805	1.8448775300294884	71.18659521922565	50.45699606572989	61.09651634520298	8.282039758471251	0.11353266519124414	39.42500936565625	21.164284800187588	23.840027431151672	419.74224341132003	165.8827910244182	15.676065491656884	112.60674787297727	213.35476611089058	2631.6371685483664	98.96025860392375	0.3118540428389267	315.64208836914935	215.96288057683134	51.97408294704578	33.34440494753558	0.2950095219519808	109.31082677385507	1.5521063794378267	400.6760710043766	216.2878326361142	17.48854387541089	369.5934596125911	159.46993300495228	6.734939503943619
S248	117.74938371186552	267.1209478006179	236.02568916665	142.22913371603906	145.67654392627696	1.5497706830380178	279.0694982106169	2.001462540106276	178.7853443905704	93.51172092309712	375.96894757596255	343.94548145485794	0.0725465216049259	0.0022813456477699017	365.2559563170038	0.01729546554518633	824.1355282594419	87.0787110250119	0.0004880623552528905	4.0854205708731826	42.47335533876254	215.79688244271458	123.67532389626207	2322.2403795874316	326.98238208369685	0.7229238816400763	0.8957483624359155	5.238362696810394	285.79874535163106	27.677877793884704	221.0546666424065	291.78372704364375	270.44135854437747	56.49235595388037	988.1925691588364	902.7762112223324	191.39422859307382	101.36797047332102	2.1103691008342285	106.86519519326288	1.1673835495908138	7.895730556589221	42.65400345336673	0.02009741203195092
S249	9.651152581646453	0.8812475930888027	3.07789333776552	57.2243929475706	0.4156276065563641	455.11505665250377	1.9673548528266958	187.69437373098438	0.00017411680333732628	286.6381688439198	24.785822159236528	37.500588273774625	203.54428743511446	32.44607662719692	610.9473188917116	1019.1212058228085	303.17319337254713	90.99940400100628	1145.704685100987	9.565042557262199	689.9070177518711	5.705138157310435	9.718869997929637	0.011433923419313813	3.349505433927113	5.941652837602563	196.27145655041815	5.512912500173283	230.8153530578489	0.36655917569017865	726.6883400139801	31.09454251887254	17.056622508912483	81.20357682625813	78.76672905022512	597.1429703045769	478.90281858248574	496.3812992681726	1721.5020680249863	4.987312239069288	1.493161090274482	67.63762243412683	69.08636615851779	0.003605088042032368
S250	101.0912327679216	4.500464110669617	55.48104582568127	0.695816892702571	26.918122396675336	77.07233021649841	0.0004921850179997416	374.84666074522397	6.605282183242553	1038.8454023345462	270.86445634269455	31.955406862933874	1270.4313210461964	51.55939682018125	0.19073219711098144	74.27334902305944	324.1259637387994	40.00402657025544	0.5950822782193326	71.06012536527288	14.076244690612583	29.78322039463263	227.8125405890772	81.83382630008946	1769.4424336332495	6.770403212525082	161.27556910905346	153.5080748728853	246.34905543676078	179.0929546082943	1684.01143631255	116.92209663703674	181.02226100068785	380.6916678789134	195.27313505820297	362.19977887694836	5.067385933482455	43.11033088194659	0.14982775537257195	45.81967798555484	3.1704224629303135	141.24419003192753	83.95202144803048	66.30473498633395
S251	17.10559939097395	3.315816356882638	602.6575065773123	0.04016377312358337	12.439427367056734	30.70208552311613	9.642018810007308	2.6475054226181602	135.5441611169024	0.3852757145429131	152.50270748383372	142.3512302282168	61.264357051456756	90.93956596563241	32.619660800633945	0.007092569390915913	97.77131736380397	12.55757076507655	81.89491760743023	407.9131871745476	25.53598444955528	657.8373120749898	3.9481974559894195	65.12240021198954	419.20494762909306	11.944454110233403	13.679172449088744	238.46864826156667	507.3520491448252	431.71740775194667	669.412764724964	231.94574115623715	324.2352840692354	198.03356312065085	63.41975551098149	131.94095785921758	37.32808622403036	73.90547606386139	78.02426869902365	257.91682881921673	90.44107145957884	609.200596965963	99.24369886323208	2865.8401658619714
S252	18.819560715761565	1.2713794271774008	348.22059209908656	0.02803748152583818	272.66794807969194	202.64206161912102	48.13902774030556	406.97953765210497	5.652425494217828	0.23218421066031106	9.312316804490312	17.26779989597426	389.54008181514047	4.12822650823163	37.00182196632057	131.39921805855766	0.03730693550516211	426.5914842734507	325.45298570826196	255.92669511253663	14.96346165560981	81.09034656628279	42.44987118939207	11.995957825550718	425.2937240263535	379.3988093755359	1196.2692309022318	314.3015603352624	124.96633923678417	760.6121694513621	246.95366207224893	155.98590941562526	37.77460836079433	0.08005430538111286	44.44228591513427	1142.398921873249	216.34453859745994	100.26276634740802	37.37250304456552	156.2214072238689	300.3920051617608	0.004924958241015411	1013.3502770557257	295.76397350604947
S253	140.54541236025796	12.502077996104648	760.3326789577793	3.094226374046629e-07	693.6476197881436	4.579216084732805e-06	1147.8978132863158	101.23485816386673	22.869934523193095	515.5727191520832	82.20898034710947	0.4725238418040282	144.76481996304506	7.210835602899214	138.18764783814933	5.58369738246616	294.5612831981008	0.29093525475047055	0.06713242927581586	0.9937572636945976	6.711950760733766	2610.9072211086477	302.736309837341	1.4244209000299546	1.0413404314679033	137.7368475923812	0.7495821015713829	463.86046373249013	0.21459284900478556	927.1409971880123	82.46150057460227	0.935157314502446	266.5452472381899	181.17636350986803	335.7391717549587	0.6194076665463656	0.0030422961430724765	18.01960493588573	129.63795627459922	128.2094052981773	10.993783758903673	11.233869626942228	310.4984137897275	2.4586172215950888
S254	0.8527222179326823	125.0187149799007	32.92366726759709	0.019108848261969288	3.4235378912904313	0.06931394593856824	4.825322633732999	95.00828560025761	264.5806420036077	192.12640515998018	0.30857100625705103	73.11956457767106	43.439651927222954	7.3861548495742335	39.092245986712875	10.545848368959604	671.0883573536421	997.2134100059047	0.11389953182850077	102.63111087297713	160.43687336219529	258.5795478231716	26.507384303543425	355.0234392060622	724.9372979535178	128.00105949303125	1320.1119724440357	0.04212167033390815	353.6773010533479	226.69414282118345	0.3626125301367694	189.77672991216204	6.663959369530124	27.338213646156518	1177.2598899309692	0.061009560815244966	996.5945867788932	917.9002301135623	0.18804020304753824	251.83115928687505	16.56312780443393	68.57658861745334	0.52910768987644	128.55706939641442
S255	136.92626534558664	322.08255520444493	3.7717657602520145	187.8438562218528	1536.3117868028794	0.09930858641647967	0.039697600193055876	16.935542662299326	79.46925384664517	52.11443276018388	1097.0436517520418	68.65257001981094	0.09404656663124768	238.52752293514345	93.44832144528311	27.265444573221732	481.8982962949947	5.326641565482163	347.8300681507135	19.51525243799031	1590.313178333969	200.70340326633627	94.03358801204396	496.56949847525493	129.28215979840456	93.51631806988169	20.28440607908425	46.55786612305587	62.49078154918753	127.60135510258094	1.6066165795610403	138.73062047943122	0.13563400191089162	137.12585848903043	18.68995668321697	0.03493929959948856	9.43290843024237e-06	64.84416744886731	12.490841900761694	1038.265292456954	73.1114289961566	874.113059548305	9.523319002672427	54.7794203387562
S256	132.8899749154252	0.6347854484254317	70.85824381468704	30.526812696489916	0.784517818352141	166.91820073114388	4.968331307713762e-06	5.84170971429283	1.7757199107992638	113.12955093287344	633.8425622644793	116.03682550466063	314.4337283847984	1371.8682246537483	48.32715245822117	43.530948471261695	304.9087427194666	320.25446766927894	23.297000945295782	0.0370220724069023	188.6897483677789	73.02042052856638	631.9282041552314	434.033116506861	38.40059625931889	247.38072897911192	29.399878961416256	1111.5119423473593	6.539162602006215	248.39595003011232	0.0037546968796937376	494.47687779929237	87.42136125800985	148.15559246376844	76.65450721310461	246.18082397028985	9.263195738884193	0.14425031463012844	213.9344000565269	20.797687830236907	1737.2674627742435	17.920554849103098	160.81989848747008	77.7636877153601
S257	492.1268361974989	576.6773912501633	1.0335478936188802	2101.9053081143697	251.17023031456156	1.3540891452108712	358.84349253921505	2.9829699173043323	0.44734140502198866	44.02288802296572	8.566199460145175	519.6872187184812	26.51865418691354	12.473323341228358	304.3023206723748	0.050258271579046956	135.2637894873001	13.187929338914358	172.35884166923984	1.6379644124208013	23.19503411684501	37.82700650942783	92.07890168755402	35.22469690360616	12.346842140655676	157.79338199952318	93.16764878917576	4.4753243151888594e-05	347.20924501924065	16.407421759045217	0.01987805816017886	523.8247255429483	5.862402369389063	657.7447073855798	29.510061498766554	166.07258402724347	1252.8896350951002	226.34721348933374	84.34115595375428	673.2275916771014	356.9247665856523	181.60920198265248	1.17171577300475	0.5935425244682081
S258	0.1856175181345385	86.22370656581344	199.03429486958154	0.05071042320712551	0.11807703259214455	0.03388386135690052	8.95563733248089	120.52269738876477	616.7131304397424	252.60674005783392	75.22168489245755	52.97185044879887	14.838685994065978	9.806298354677187	366.2912017306026	358.5068696040731	0.6277873085676635	32.34296925165689	104.67189906162474	55.28210860991945	490.82266521880365	308.31557575114124	216.09843284658615	70.68499433959319	0.08771140048665736	691.9356608316224	0.012501027099452352	60.89822832112413	194.69621039425144	319.51847801220083	400.2572290447415	5.780832881416512	84.21824776194134	46.42065040594924	322.48056793456317	2764.388246207943	144.30789038286824	0.10075540773917488	419.82488972437824	8.519220283469092	77.89409732624522	0.01586637879699079	770.8137293024444	246.90146806864212
S259	50.58964749537709	140.97179513869958	1053.676803727565	988.5486717446944	1512.3733606120204	0.020391582667122304	28.03235480050349	79.20381087987994	380.5353918493069	5.8031103944176055	17.657461637456827	76.49030469513707	35.4304500970074	545.394219672352	2.871494100226362e-05	379.69603080590724	46.19547267822429	9.635481947315	614.9802443977501	2.193674037440021	52.76872350235272	387.0038134545521	0.36383431119861137	390.78172486326406	1.607181277121728	718.857492375978	54.15231801188261	0.29859127205079994	7.418103707130036	0.3341380300485584	5.49298366818543	103.59404890362539	58.14338513084457	66.56183076918228	862.4685289111792	0.15950870822563887	219.97802765936186	488.00811581841685	223.38807191668772	150.52576094130254	0.03244178123549075	58.136531848837606	178.02217619765256	4.473960031019307
S260	2317.0176708810454	42.91287062199372	115.58705078371283	5.167995051239691	772.2416645035916	6.217516982198808	0.8844086781267848	5.7545309757946335	40.395176147561465	163.25420970756682	273.8734234566103	98.28575916159232	218.42930345868095	241.25248910071002	2.014622231477636	11.12836082693106	407.121635791399	10.006189427642425	1077.1292529644675	0.6442301706762373	67.37235590123343	365.6695673068874	21.845744302359456	24.50395448273042	14.721949104614364	35.25527785149761	183.73818030102012	5.495709421836559	0.002594367204410168	11.831933772897655	182.85837096644786	0.47173001430212247	0.8156916664160846	227.1596970565421	0.7094666085565495	0.33258553799427587	1226.1510328265986	336.8044456788875	936.5420042097843	1.7614648374048392	14.144759802841348	0.9929909338325064	187.39774280712916	344.1023893179606
